基準日,基準価額,前日比,純資産総額,直近決算日,直近分配金,分配金再投資基準価額
20180831,10001.00,0,100009998,00000000,0,10001
20180903,10024.00,23,100235917,00000000,0,10024
20180904,10032.00,8,119870781,00000000,0,10032
20180905,10033.00,1,119881024,00000000,0,10033
20180906,9879.00,-154,141803650,00000000,0,9879
20180907,9724.00,-155,144892231,00000000,0,9724
20180910,9726.00,2,155234625,00000000,0,9726
20180911,9804.00,78,163325326,00000000,0,9804
20180912,9888.00,84,186641153,00000000,0,9888
20180913,9845.00,-43,222947710,00000000,0,9845
20180914,10008.00,163,255379851,00000000,0,10008
20180918,9812.00,-196,260011987,00000000,0,9812
20180919,9934.00,122,291304879,00000000,0,9934
20180920,9934.00,0,311449226,00000000,0,9934
20180921,10065.00,131,325442295,00000000,0,10065
20180925,10071.00,6,351619146,00000000,0,10071
20180926,10077.00,6,358254837,00000000,0,10077
20180927,10079.00,2,374652050,00000000,0,10079
20180928,10226.00,147,393740325,00000000,0,10226
20181001,10254.00,28,396955353,00000000,0,10254
20181002,10282.00,28,404428544,00000000,0,10282
20181003,10224.00,-58,417711647,00000000,0,10224
20181004,10309.00,85,426279286,00000000,0,10309
20181005,10085.00,-224,416411161,00000000,0,10085
20181009,9802.00,-283,417692374,00000000,0,9802
20181010,9840.00,38,425718306,00000000,0,9840
20181011,9343.00,-497,422739436,00000000,0,9343
20181012,9224.00,-119,427975482,00000000,0,9224
20181015,9461.00,237,444125247,00000000,0,9461
20181016,9334.00,-127,438949806,00000000,0,9334
20181017,9654.00,320,461385852,00000000,0,9654
20181018,9680.00,26,450680566,00000000,0,9680
20181019,9428.00,-252,453541957,00000000,0,9428
20181022,9428.00,0,456082293,00000000,0,9428
20181023,9500.00,72,463893798,00000000,0,9500
20181024,9441.00,-59,465975214,00000000,0,9441
20181025,8974.00,-467,447196330,00000000,0,8974
20181026,9315.00,341,463887186,00000000,0,9315
20181029,9040.00,-275,456463677,00000000,0,9040
20181030,8898.00,-142,445255841,00000000,0,8898
20181031,9102.00,204,465295988,00000000,0,9102
20181101,9278.00,176,478331764,00000000,0,9278
20181102,9407.00,129,488678683,00000000,0,9407
20181105,9291.00,-116,486429338,00000000,0,9291
20181106,9267.00,-24,492214082,00000000,0,9267
20181107,9330.00,63,500531374,00000000,0,9330
20181108,9662.00,332,519745973,00000000,0,9662
20181109,9634.00,-28,521603572,00000000,0,9634
20181112,9463.00,-171,531227840,00000000,0,9463
20181113,9156.00,-307,514051220,00000000,0,9156
20181114,9187.00,31,505518638,00000000,0,9187
20181115,9094.00,-93,503167224,00000000,0,9094
20181116,9253.00,159,515997487,00000000,0,9253
20181119,9145.00,-108,518304291,00000000,0,9145
20181120,8844.00,-301,504400071,00000000,0,8844
20181121,8704.00,-140,499656062,00000000,0,8704
20181122,8783.00,79,510611513,00000000,0,8783
20181126,8715.00,-68,516490619,00000000,0,8715
20181127,8953.00,238,530555993,00000000,0,8953
20181128,9006.00,53,530409825,00000000,0,9006
20181129,9282.00,276,546978250,00000000,0,9282
20181130,9239.00,-43,546725407,00000000,0,9239
20181203,9319.00,80,550910985,00000000,0,9319
20181204,9478.00,159,560811472,00000000,0,9478
20181205,9057.00,-421,546632520,00000000,0,9057
20181206,9062.00,5,547983201,00000000,0,9062
20181207,9112.00,50,550994249,00000000,0,9112
20181210,8791.00,-321,534977287,00000000,0,8791
20181211,8930.00,139,546221448,00000000,0,8930
20181212,8993.00,63,548131896,00000000,0,8993
20181213,9062.00,69,554817008,00000000,0,9062
20181214,9079.00,17,558149178,00000000,0,9079
20181217,8848.00,-231,547624514,00000000,0,8848
20181218,8596.00,-252,533892000,00000000,0,8596
20181219,8625.00,29,538081918,00000000,0,8625
20181220,8422.00,-203,522435593,00000000,0,8422
20181221,8214.00,-208,510387963,00000000,0,8214
20181225,7664.00,-550,474409565,00000000,0,7664
20181226,7707.00,43,472131877,00000000,0,7707
20181227,8221.00,514,503636599,00000000,0,8221
20181228,8244.00,23,511663441,00000000,0,8244
20190104,7826.00,-418,492874051,00000000,0,7826
20190107,8226.00,400,522088726,00000000,0,8226
20190108,8343.00,117,538386703,00000000,0,8343
20190109,8412.00,69,545162955,00000000,0,8412
20190110,8440.00,28,552167883,00000000,0,8440
20190111,8486.00,46,559677551,00000000,0,8486
20190115,8374.00,-112,554533899,00000000,0,8374
20190116,8541.00,167,567129436,00000000,0,8541
20190117,8581.00,40,574315347,00000000,0,8581
20190118,8682.00,101,583251841,00000000,0,8682
20190121,8790.00,108,592464582,00000000,0,8790
20190122,8792.00,2,595518883,00000000,0,8792
20190123,8600.00,-192,582530821,00000000,0,8600
20190124,8615.00,15,594426111,00000000,0,8615
20190125,8687.00,72,600947982,00000000,0,8687
20190128,8758.00,71,609391645,00000000,0,8758
20190129,8636.00,-122,603029859,00000000,0,8636
20190130,8573.00,-63,602198608,00000000,0,8573
20190131,8757.00,184,616399645,00000000,0,8757
20190201,8884.00,127,628145370,00000000,0,8884
20190204,8894.00,10,629587806,00000000,0,8894
20190205,9044.00,150,647126011,00000000,0,9044
20190206,9108.00,64,655289906,00000000,0,9108
20190207,9090.00,-18,655732845,00000000,0,9090
20190208,8959.00,-131,646919421,00000000,0,8959
20190212,9026.00,67,632707740,00000000,0,9026
20190213,9159.00,133,641659246,00000000,0,9159
20190214,9201.00,42,647995760,00000000,0,9201
20190215,9167.00,-34,650526671,00000000,0,9167
20190218,9215.00,48,660136765,00000000,0,9215
20190219,9213.00,-2,661202255,00000000,0,9213
20190220,9249.00,36,663771010,00000000,0,9249
20190221,9244.00,-5,671546258,00000000,0,9244
20190222,9216.00,-28,670494531,00000000,0,9216
20190225,9285.00,69,675958435,00000000,0,9285
20190226,9338.00,53,682843238,00000000,0,9338
20190227,9311.00,-27,682356194,00000000,0,9311
20190228,9329.00,18,684401675,00000000,0,9329
20190301,9364.00,35,691033274,00000000,0,9364
20190304,9470.00,106,696871390,00000000,0,9470
20190305,9461.00,-9,702382450,00000000,0,9461
20190306,9454.00,-7,702224184,00000000,0,9454
20190307,9394.00,-60,697782783,00000000,0,9394
20190308,9271.00,-123,689181555,00000000,0,9271
20190311,9205.00,-66,684707427,00000000,0,9205
20190312,9440.00,235,694783818,00000000,0,9440
20190313,9476.00,36,696038807,00000000,0,9476
20190314,9548.00,72,702537932,00000000,0,9548
20190315,9586.00,38,706602063,00000000,0,9586
20190318,9644.00,58,711151422,00000000,0,9644
20190319,9644.00,0,713148277,00000000,0,9644
20190320,9703.00,59,719424232,00000000,0,9703
20190322,9814.00,111,729203208,00000000,0,9814
20190325,9525.00,-289,706754933,00000000,0,9525
20190326,9533.00,8,680769639,00000000,0,9533
20190327,9605.00,72,686980626,00000000,0,9605
20190328,9528.00,-77,684756228,00000000,0,9528
20190329,9604.00,76,689414147,00000000,0,9604
20190401,9686.00,82,697895709,00000000,0,9686
20190402,9844.00,158,717578740,00000000,0,9844
20190403,9888.00,44,727055155,00000000,0,9888
20190404,9948.00,60,727729749,00000000,0,9948
20190405,9966.00,18,731804259,00000000,0,9966
20190408,9985.00,19,734763633,00000000,0,9985
20190409,10009.00,24,736214761,00000000,0,10009
20190410,9953.00,-56,633315081,00000000,0,9953
20190411,9998.00,45,635934236,00000000,0,9998
20190412,10036.00,38,646489193,00000000,0,10036
20190415,10098.00,62,652822418,00000000,0,10098
20190416,10098.00,0,660507473,00000000,0,10098
20190417,10146.00,48,640993335,00000000,0,10146
20190418,10171.00,25,647905805,00000000,0,10171
20190419,10182.00,11,652208138,00000000,0,10182
20190422,10180.00,-2,667564366,00000000,0,10180
20190423,10197.00,17,668665517,00000000,0,10197
20190424,10335.00,138,672620163,00000000,0,10335
20190425,10335.00,0,676279176,00000000,0,10335
20190426,10331.00,-4,675691344,00000000,0,10331
20190507,10196.00,-135,668421577,00000000,0,10196
20190508,9954.00,-242,661421961,00000000,0,9954
20190509,9912.00,-42,672851899,00000000,0,9912
20190510,9844.00,-68,658199434,00000000,0,9844
20190513,9846.00,2,656549676,00000000,0,9846
20190514,9476.00,-370,631725561,00000000,0,9476
20190515,9597.00,121,647422778,00000000,0,9597
20190516,9723.00,126,654469809,00000000,0,9723
20190517,9864.00,141,681904332,00000000,0,9864
20190520,9777.00,-87,681350372,00000000,0,9777
20190521,9613.00,-164,679657520,00000000,0,9613
20190522,9745.00,132,696138259,00000000,0,9745
20190523,9679.00,-66,697333116,00000000,0,9679
20190524,9485.00,-194,686357344,00000000,0,9485
20190527,9459.00,-26,687800990,00000000,0,9459
20190528,9465.00,6,689882864,00000000,0,9465
20190529,9405.00,-60,685516266,00000000,0,9405
20190530,9354.00,-51,692559094,00000000,0,9354
20190531,9372.00,18,689980303,00000000,0,9372
20190603,9136.00,-236,646464427,00000000,0,9136
20190604,8901.00,-235,638658318,00000000,0,8901
20190605,9169.00,268,656166314,00000000,0,9169
20190606,9260.00,91,670707236,00000000,0,9260
20190607,9343.00,83,678631557,00000000,0,9343
20190610,9523.00,180,692968443,00000000,0,9523
20190611,9633.00,110,707115474,00000000,0,9633
20190612,9653.00,20,718030828,00000000,0,9653
20190613,9590.00,-63,719230584,00000000,0,9590
20190614,9640.00,50,722809500,00000000,0,9640
20190617,9619.00,-21,718658947,00000000,0,9619
20190618,9669.00,50,722729320,00000000,0,9669
20190619,9805.00,136,745337550,00000000,0,9805
20190620,9775.00,-30,750299587,00000000,0,9775
20190621,9830.00,55,747182728,00000000,0,9830
20190624,9817.00,-13,744496363,00000000,0,9817
20190625,9802.00,-15,740749263,00000000,0,9802
20190626,9639.00,-163,730250272,00000000,0,9639
20190627,9717.00,78,737751040,00000000,0,9717
20190628,9762.00,45,742909378,00000000,0,9762
20190701,9815.00,53,749389806,00000000,0,9815
20190702,9968.00,153,763839454,00000000,0,9968
20190703,9937.00,-31,789590358,00000000,0,9937
20190704,10021.00,84,803007743,00000000,0,10021
20190705,10029.00,8,798549232,00000000,0,10029
20190708,10066.00,37,801449815,00000000,0,10066
20190709,10027.00,-39,801485963,00000000,0,10027
20190710,10090.00,63,810902090,00000000,0,10090
20190711,10114.00,24,818893403,00000000,0,10114
20190712,10138.00,24,820439390,00000000,0,10138
20190716,10175.00,37,822473256,00000000,0,10175
20190717,10155.00,-20,824997238,00000000,0,10155
20190718,10059.00,-96,817888862,00000000,0,10059
20190719,10047.00,-12,835040484,00000000,0,10047
20190722,10009.00,-38,832004168,00000000,0,10009
20190723,10097.00,88,841707908,00000000,0,10097
20190724,10178.00,81,846658240,00000000,0,10178
20190725,10251.00,73,854528030,00000000,0,10251
20190726,10204.00,-47,863636180,00000000,0,10204
20190729,10278.00,74,869826495,00000000,0,10278
20190730,10285.00,7,871415003,00000000,0,10285
20190731,10216.00,-69,869812575,00000000,0,10216
20190801,10134.00,-82,820867855,00000000,0,10134
20190802,9889.00,-245,806431678,00000000,0,9889
20190805,9669.00,-220,797190994,00000000,0,9669
20190806,9283.00,-386,767165671,00000000,0,9283
20190807,9441.00,158,786420904,00000000,0,9441
20190808,9486.00,45,806055352,00000000,0,9486
20190809,9685.00,199,839109640,00000000,0,9685
20190813,9430.00,-255,823075457,00000000,0,9430
20190814,9723.00,293,864819765,00000000,0,9723
20190815,9402.00,-321,844570946,00000000,0,9402
20190816,9402.00,0,854143634,00000000,0,9402
20190819,9576.00,174,880467476,00000000,0,9576
20190820,9749.00,173,903363087,00000000,0,9749
20190821,9647.00,-102,906126051,00000000,0,9647
20190822,9757.00,110,924525968,00000000,0,9757
20190823,9728.00,-29,925210582,00000000,0,9728
20190826,9283.00,-445,871135647,00000000,0,9283
20190827,9489.00,206,896069090,00000000,0,9489
20190828,9459.00,-30,899304929,00000000,0,9459
20190829,9520.00,61,911252192,00000000,0,9520
20190830,9705.00,185,928097992,20190830,0,9705
20190902,9651.00,-54,924246407,20190830,0,9651
20190903,9669.00,18,925526670,20190830,0,9669
20190904,9539.00,-130,913037018,20190830,0,9539
20190905,9721.00,182,940728087,20190830,0,9721
20190906,9958.00,237,963679053,20190830,0,9958
20190909,9938.00,-20,963222105,20190830,0,9938
20190910,9963.00,25,967790057,20190830,0,9963
20190911,9954.00,-9,987630483,20190830,0,9954
20190912,10087.00,133,1008535634,20190830,0,10087
20190913,10143.00,56,1016791253,20190830,0,10143
20190917,10057.00,-86,1002094109,20190830,0,10057
20190918,10106.00,49,1004160749,20190830,0,10106
20190919,10123.00,17,993111268,20190830,0,10123
20190920,10104.00,-19,993525058,20190830,0,10104
20190924,9966.00,-138,979181710,20190830,0,9966
20190925,9780.00,-186,953870768,20190830,0,9780
20190926,9947.00,167,963398227,20190830,0,9947
20190927,9920.00,-27,962224962,20190830,0,9920
20190930,9804.00,-116,951193267,20190830,0,9804
20191001,9922.00,118,963139018,20190830,0,9922
20191002,9797.00,-125,950062728,20190830,0,9797
20191003,9572.00,-225,939753337,20190830,0,9572
20191004,9657.00,85,949218546,20190830,0,9657
20191007,9788.00,131,963796795,20190830,0,9788
20191008,9817.00,29,970576714,20190830,0,9817
20191009,9646.00,-171,958777790,20190830,0,9646
20191010,9763.00,117,972714473,20190830,0,9763
20191011,9908.00,145,989086765,20190830,0,9908
20191015,10060.00,152,1008646145,20190830,0,10060
20191016,10218.00,158,1027269703,20190830,0,10218
20191017,10193.00,-25,1033419796,20190830,0,10193
20191018,10216.00,23,1034048940,20190830,0,10216
20191021,10100.00,-116,996726373,20190830,0,10100
20191023,10096.00,-4,992657779,20190830,0,10096
20191024,10143.00,47,1000261620,20190830,0,10143
20191025,10244.00,101,1010695396,20190830,0,10244
20191028,10334.00,90,1021222963,20190830,0,10334
20191029,10453.00,119,1041125322,20190830,0,10453
20191030,10362.00,-91,1051758683,20190830,0,10362
20191031,10413.00,51,1051708192,20190830,0,10413
20191101,10336.00,-77,1045575739,20190830,0,10336
20191105,10567.00,231,1066165418,20190830,0,10567
20191106,10601.00,34,1084084524,20190830,0,10601
20191107,10563.00,-38,1082843653,20190830,0,10563
20191108,10643.00,80,1093696019,20190830,0,10643
20191111,10661.00,18,1097484334,20190830,0,10661
20191112,10648.00,-13,1101088560,20190830,0,10648
20191113,10656.00,8,1105497820,20190830,0,10656
20191114,10646.00,-10,1106056188,20190830,0,10646
20191115,10619.00,-27,1110746884,20190830,0,10619
20191118,10716.00,97,1122438622,20190830,0,10716
20191119,10698.00,-18,1129075497,20190830,0,10698
20191120,10718.00,20,1186474819,20190830,0,10718
20191121,10636.00,-82,1180211348,20190830,0,10636
20191122,10639.00,3,1183357115,20190830,0,10639
20191125,10657.00,18,1139372774,20190830,0,10657
20191126,10807.00,150,1157541719,20190830,0,10807
20191127,10837.00,30,1163360231,20190830,0,10837
20191128,10937.00,100,1175942975,20190830,0,10937
20191129,10954.00,17,1181982611,20190830,0,10954
20191202,10916.00,-38,1177859588,20190830,0,10916
20191203,10751.00,-165,1154207003,20190830,0,10751
20191204,10609.00,-142,1156381653,20190830,0,10609
20191205,10695.00,86,1169134039,20190830,0,10695
20191206,10707.00,12,1170317399,20190830,0,10707
20191209,10801.00,94,1184986179,20190830,0,10801
20191210,10758.00,-43,1182526260,20190830,0,10758
20191211,10761.00,3,1186257050,20190830,0,10761
20191212,10793.00,32,1195474439,20190830,0,10793
20191213,10976.00,183,1218402890,20190830,0,10976
20191216,10999.00,23,1225380465,20190830,0,10999
20191217,11122.00,123,1252334145,20190830,0,11122
20191218,11126.00,4,1261705066,20190830,0,11126
20191219,11153.00,27,1269773949,20190830,0,11153
20191220,11193.00,40,1276399112,20190830,0,11193
20191223,11237.00,44,1281004447,20190830,0,11237
20191224,11269.00,32,1309721136,20190830,0,11269
20191225,11262.00,-7,1365474135,20190830,0,11262
20191226,11285.00,23,1377785292,20190830,0,11285
20191227,11394.00,109,1391088185,20190830,0,11394
20191230,11371.00,-23,1412782627,20190830,0,11371
20200106,11251.00,-120,1423507092,20190830,0,11251
20200107,11355.00,104,1449339565,20190830,0,11355
20200108,11290.00,-65,1434104351,20190830,0,11290
20200109,11527.00,237,1479515558,20190830,0,11527
20200110,11657.00,130,1504560586,20190830,0,11657
20200114,11825.00,168,1559310506,20190830,0,11825
20200115,11757.00,-68,1593846610,20190830,0,11757
20200116,11761.00,4,1658312410,20190830,0,11761
20200117,11912.00,151,1667099956,20190830,0,11912
20200120,11956.00,44,1722817735,20190830,0,11956
20200121,11960.00,4,1765262116,20190830,0,11960
20200122,11920.00,-40,1759232991,20190830,0,11920
20200123,11930.00,10,1800384625,20190830,0,11930
20200124,11957.00,27,1817152296,20190830,0,11957
20200127,11796.00,-161,1794499738,20190830,0,11796
20200128,11532.00,-264,1777224660,20190830,0,11532
20200129,11733.00,201,1631149135,20190830,0,11733
20200130,11743.00,10,1622670459,20190830,0,11743
20200131,11797.00,54,1707113293,20190830,0,11797
20200203,11546.00,-251,1686170760,20190830,0,11546
20200204,11729.00,183,1727610617,20190830,0,11729
20200205,12094.00,365,1724306511,20190830,0,12094
20200206,12178.00,84,1758233246,20190830,0,12178
20200207,12288.00,110,1915775483,20190830,0,12288
20200210,12207.00,-81,1937693439,20190830,0,12207
20200212,12377.00,170,1985878593,20190830,0,12377
20200213,12505.00,128,2043583294,20190830,0,12505
20200214,12485.00,-20,2059604256,20190830,0,12485
20200217,12510.00,25,2086000692,20190830,0,12510
20200218,12517.00,7,2159459805,20190830,0,12517
20200219,12533.00,16,2162168180,20190830,0,12533
20200220,12807.00,274,2264954259,20190830,0,12807
20200221,12781.00,-26,2137814896,20190830,0,12781
20200225,11925.00,-856,2017087288,20190830,0,11925
20200226,11542.00,-383,1990304188,20190830,0,11542
20200227,11591.00,49,2040375277,20190830,0,11591
20200228,10928.00,-663,1975990387,20190830,0,10928
20200302,10782.00,-146,1957447281,20190830,0,10782
20200303,11374.00,592,2011677776,20190830,0,11374
20200304,10924.00,-450,2024348618,20190830,0,10924
20200305,11390.00,466,2173704904,20190830,0,11390
20200306,10911.00,-479,2119532311,20190830,0,10911
20200309,10300.00,-611,2048420477,20190830,0,10300
20200310,9716.00,-584,1951716149,20190830,0,9716
20200311,10391.00,675,1989635357,20190830,0,10391
20200312,9912.00,-479,1926549472,20190830,0,9912
20200313,9044.00,-868,1783947214,20190830,0,9044
20200316,10067.00,1023,2001233135,20190830,0,10067
20200317,8829.00,-1238,1766449258,20190830,0,8829
20200318,9492.00,663,1967230016,20190830,0,9492
20200319,9288.00,-204,1948170719,20190830,0,9288
20200323,9175.00,-113,1954063257,20190830,0,9175
20200324,9172.00,-3,1995622674,20190830,0,9172
20200325,9935.00,763,2193550430,20190830,0,9935
20200326,9804.00,-131,2217783416,20190830,0,9804
20200327,10170.00,366,2381455934,20190830,0,10170
20200330,9681.00,-489,2282998200,20190830,0,9681
20200331,10156.00,475,2485806091,20190830,0,10156
20200401,9944.00,-212,2259507225,20190830,0,9944
20200402,9504.00,-440,2182597579,20190830,0,9504
20200403,9755.00,251,2258646993,20190830,0,9755
20200406,9693.00,-62,2237687064,20190830,0,9693
20200407,10406.00,713,2415445921,20190830,0,10406
20200408,10339.00,-67,2419336692,20190830,0,10339
20200409,10605.00,266,2523688962,20190830,0,10605
20200410,10575.00,-30,2538815368,20190830,0,10575
20200413,10538.00,-37,2539785550,20190830,0,10538
20200414,10597.00,59,2554086876,20190830,0,10597
20200415,11010.00,413,2706842823,20190830,0,11010
20200416,10937.00,-73,2730301668,20190830,0,10937
20200417,11164.00,227,2814524467,20190830,0,11164
20200420,11259.00,95,2855224537,20190830,0,11259
20200421,11115.00,-144,2857053237,20190830,0,11115
20200422,10713.00,-402,2816738937,20190830,0,10713
20200423,11037.00,324,2917651831,20190830,0,11037
20200424,10997.00,-40,2878860351,20190830,0,10997
20200427,11168.00,171,2943824488,20190830,0,11168
20200428,11206.00,38,2971296157,20190830,0,11206
20200430,11348.00,142,3040787458,20190830,0,11348
20200501,11404.00,56,3095313192,20190830,0,11404
20200507,11281.00,-123,3105642210,20190830,0,11281
20200508,11440.00,159,3205921213,20190830,0,11440
20200511,11656.00,216,3255167738,20190830,0,11656
20200512,11817.00,161,3341313988,20190830,0,11817
20200513,11537.00,-280,3370386135,20190830,0,11537
20200514,11369.00,-168,3369821467,20190830,0,11369
20200515,11548.00,179,3428051345,20190830,0,11548
20200518,11594.00,46,3416502579,20190830,0,11594
20200519,11839.00,245,3520631843,20190830,0,11839
20200520,11870.00,31,3620713810,20190830,0,11870
20200521,12085.00,215,3734890258,20190830,0,12085
20200522,11947.00,-138,3737362712,20190830,0,11947
20200525,11982.00,35,3788332281,20190830,0,11982
20200526,11995.00,13,3844599413,20190830,0,11995
20200527,11937.00,-58,3825816051,20190830,0,11937
20200528,12046.00,109,3912058630,20190830,0,12046
20200529,11978.00,-68,3894459851,20190830,0,11978
20200601,12175.00,197,3953558761,20190830,0,12175
20200602,12208.00,33,3998443999,20190830,0,12208
20200603,12413.00,205,4130852676,20190830,0,12413
20200604,12491.00,78,4175929718,20190830,0,12491
20200605,12422.00,-69,4207521456,20190830,0,12422
20200608,12716.00,294,4344357089,20190830,0,12716
20200609,12652.00,-64,4349320873,20190830,0,12652
20200610,12702.00,50,4432346941,20190830,0,12702
20200611,12770.00,68,4493270543,20190830,0,12770
20200612,12098.00,-672,4292592989,20190830,0,12098
20200615,12253.00,155,4370246630,20190830,0,12253
20200616,12408.00,155,4466992947,20190830,0,12408
20200617,12630.00,222,4625110958,20190830,0,12630
20200618,12604.00,-26,4689185398,20190830,0,12604
20200619,12658.00,54,4750944515,20190830,0,12658
20200622,12631.00,-27,4759638841,20190830,0,12631
20200623,12811.00,180,4875415424,20190830,0,12811
20200624,12858.00,47,4937110544,20190830,0,12858
20200625,12663.00,-195,4870450365,20190830,0,12663
20200626,12794.00,131,5168646967,20190830,0,12794
20200629,12491.00,-303,5095225789,20190830,0,12491
20200630,12690.00,199,5195261446,20190830,0,12690
20200701,12984.00,294,5277428260,20190830,0,12984
20200702,13063.00,79,5349960870,20190830,0,13063
20200703,13153.00,90,5497449061,20190830,0,13153
20200706,13166.00,13,5509786548,20190830,0,13166
20200707,13453.00,287,5630251212,20190830,0,13453
20200708,13402.00,-51,5703727741,20190830,0,13402
20200709,13534.00,132,5823376175,20190830,0,13534
20200710,13621.00,87,5941290344,20190830,0,13621
20200713,13688.00,67,6056476669,20190830,0,13688
20200714,13447.00,-241,5989415225,20190830,0,13447
20200715,13557.00,110,6147606115,20190830,0,13557
20200716,13536.00,-21,6186749409,20190830,0,13536
20200717,13472.00,-64,6210473945,20190830,0,13472
20200720,13529.00,57,6255736199,20190830,0,13529
20200721,13885.00,356,6443057074,20190830,0,13885
20200722,13690.00,-195,6374122517,20190830,0,13690
20200727,13113.00,-577,6141735447,20190830,0,13113
20200728,13292.00,179,6068335372,20190830,0,13292
20200729,13091.00,-201,6029231932,20190830,0,13091
20200730,13246.00,155,6259144431,20190830,0,13246
20200731,13254.00,8,6266615592,20190830,0,13254
20200803,13681.00,427,6514178591,20190830,0,13681
20200804,13869.00,188,6672408606,20190830,0,13869
20200805,13852.00,-17,6786817609,20190830,0,13852
20200806,13873.00,21,6850553457,20190830,0,13873
20200807,14064.00,191,6994621004,20190830,0,14064
20200811,13915.00,-149,6931006685,20190830,0,13915
20200812,13705.00,-210,6917491055,20190830,0,13705
20200813,14074.00,369,7303198756,20190830,0,14074
20200814,14139.00,65,7418434747,20190830,0,14139
20200817,14063.00,-76,7461547243,20190830,0,14063
20200818,14124.00,61,7575289490,20190830,0,14124
20200819,14178.00,54,7742457349,20190830,0,14178
20200820,14202.00,24,7769973134,20190830,0,14202
20200821,14346.00,144,7907256189,20190830,0,14346
20200824,14457.00,111,8032752222,20190830,0,14457
20200825,14576.00,119,8160700221,20190830,0,14576
20200826,14757.00,181,8228084175,20190830,0,14757
20200827,14998.00,241,8548716048,20190830,0,14998
20200828,15045.00,47,8723649005,20190830,0,15045
20200831,14944.00,-101,8779415727,20200831,0,14944
20200901,15161.00,217,9035453295,20200831,0,15161
20200902,15414.00,253,9408335909,20200831,0,15414
20200903,15601.00,187,9856688519,20200831,0,15601
20200904,14782.00,-819,9502997447,20200831,0,14782
20200907,14613.00,-169,9574098176,20200831,0,14613
20200908,14606.00,-7,9422953020,20200831,0,14606
20200909,13872.00,-734,8949586090,20200831,0,13872
20200910,14313.00,441,9440684197,20200831,0,14313
20200911,14004.00,-309,9210553291,20200831,0,14004
20200914,13919.00,-85,9275542894,20200831,0,13919
20200915,14102.00,183,9451945159,20200831,0,14102
20200916,14255.00,153,9657639310,20200831,0,14255
20200917,13975.00,-280,9578748577,20200831,0,13975
20200918,13738.00,-237,9523248868,20200831,0,13738
20200923,13906.00,168,9714419092,20200831,0,13906
20200924,13509.00,-397,9495073815,20200831,0,13509
20200925,13601.00,92,9676788864,20200831,0,13601
20200928,13893.00,292,9894692889,20200831,0,13893
20200929,14159.00,266,10155740844,20200831,0,14159
20200930,14166.00,7,10256548780,20200831,0,14166
20201001,14248.00,82,10397897888,20200831,0,14248
20201002,14459.00,211,10602168091,20200831,0,14459
20201005,14053.00,-406,10474359850,20200831,0,14053
20201006,14376.00,323,10825955127,20200831,0,14376
20201007,14109.00,-267,10644012933,20200831,0,14109
20201008,14424.00,315,10915711304,20200831,0,14424
20201009,14474.00,50,10986982740,20200831,0,14474
20201012,14649.00,175,11150620422,20200831,0,14649
20201013,15059.00,410,11497042622,20200831,0,15059
20201014,15063.00,4,11545685558,20200831,0,15063
20201015,14916.00,-147,11430825022,20200831,0,14916
20201016,14821.00,-95,11317187610,20200831,0,14821
20201019,14767.00,-54,11311046883,20200831,0,14767
20201020,14524.00,-243,11172141882,20200831,0,14524
20201021,14552.00,28,11261920906,20200831,0,14552
20201022,14432.00,-120,11172318687,20200831,0,14432
20201023,14436.00,4,11194940149,20200831,0,14436
20201026,14471.00,35,11213286699,20200831,0,14471
20201027,14254.00,-217,11065906111,20200831,0,14254
20201028,14321.00,67,11238779770,20200831,0,14321
20201029,13752.00,-569,10885084157,20200831,0,13752
20201030,14035.00,283,11164040941,20200831,0,14035
20201102,13689.00,-346,10953351827,20200831,0,13689
20201104,13940.00,251,11216679009,20200831,0,13940
20201105,14519.00,579,12170598708,20200831,0,14519
20201106,14808.00,289,12588356718,20200831,0,14808
20201109,14775.00,-33,12711503582,20200831,0,14775
20201110,14719.00,-56,12703789891,20200831,0,14719
20201111,14455.00,-264,12537535146,20200831,0,14455
20201112,14826.00,371,12901534913,20200831,0,14826
20201113,14683.00,-143,12755765833,20200831,0,14683
20201116,14780.00,97,12867353549,20200831,0,14780
20201117,14844.00,64,12920302995,20200831,0,14844
20201118,14744.00,-100,12881161011,20200831,0,14744
20201119,14615.00,-129,12641988598,20200831,0,14615
20201120,14729.00,114,12740634682,20200831,0,14729
20201124,14728.00,-1,12771542495,20200831,0,14728
20201125,14929.00,201,13013931122,20200831,0,14929
20201126,14998.00,69,13085924118,20200831,0,14998
20201127,14970.00,-28,13101968854,20200831,0,14970
20201130,15063.00,93,13183589516,20200831,0,15063
20201201,15130.00,67,13317326790,20200831,0,15130
20201202,15371.00,241,13564005771,20200831,0,15371
20201203,15395.00,24,13762522955,20200831,0,15395
20201204,15313.00,-82,13753514807,20200831,0,15313
20201207,15424.00,111,13858769207,20200831,0,15424
20201208,15510.00,86,14011720813,20200831,0,15510
20201209,15568.00,58,14125423522,20200831,0,15568
20201210,15251.00,-317,13866561780,20200831,0,15251
20201211,15258.00,7,13926533291,20200831,0,15258
20201214,15229.00,-29,13995303815,20200831,0,15229
20201215,15348.00,119,14240207432,20200831,0,15348
20201216,15454.00,106,14373559585,20200831,0,15454
20201217,15500.00,46,14468241817,20200831,0,15500
20201218,15575.00,75,14597669867,20200831,0,15575
20201221,15578.00,3,14659640464,20200831,0,15578
20201222,15511.00,-67,14657973073,20200831,0,15511
20201223,15591.00,80,14805209035,20200831,0,15591
20201224,15510.00,-81,14761740394,20200831,0,15510
20201225,15557.00,47,14813736801,20200831,0,15557
20201228,15578.00,21,14922444585,20200831,0,15578
20201229,15765.00,187,15101089057,20200831,0,15765
20201230,15722.00,-43,15169621675,20200831,0,15722
20210104,15711.00,-11,15208435571,20200831,0,15711
20210105,15489.00,-222,15131699789,20200831,0,15489
20210106,15549.00,60,15532604625,20200831,0,15549
20210107,15378.00,-171,15442252593,20200831,0,15378
20210108,15894.00,516,16054361191,20200831,0,15894
20210112,15906.00,12,16086192414,20200831,0,15906
20210113,15809.00,-97,16102148925,20200831,0,15809
20210114,15951.00,142,16396733432,20200831,0,15951
20210115,15842.00,-109,16283794218,20200831,0,15842
20210118,15723.00,-119,16216790330,20200831,0,15723
20210119,15709.00,-14,16289638881,20200831,0,15709
20210120,15973.00,264,16563835171,20200831,0,15973
20210121,16292.00,319,17011383051,20200831,0,16292
20210122,16411.00,119,17267551166,20200831,0,16411
20210125,16413.00,2,17319065080,20200831,0,16413
20210126,16545.00,132,17558207628,20200831,0,16545
20210127,16540.00,-5,17769030098,20200831,0,16540
20210128,16167.00,-373,17475628672,20200831,0,16167
20210129,16309.00,142,17737173078,20200831,0,16309
20210201,16001.00,-308,17506035110,20200831,0,16001
20210202,16432.00,431,18041905479,20200831,0,16432
20210203,16709.00,277,18655344011,20200831,0,16709
20210204,16644.00,-65,18713109686,20200831,0,16644
20210205,16925.00,281,19146559413,20200831,0,16925
20210208,16981.00,56,19251585043,20200831,0,16981
20210209,17036.00,55,19379187351,20200831,0,17036
20210210,16936.00,-100,19427183770,20200831,0,16936
20210212,17015.00,79,19510537476,20200831,0,17015
20210215,17167.00,152,19780246777,20200831,0,17167
20210216,17227.00,60,19956758122,20200831,0,17227
20210217,17295.00,68,20035388475,20200831,0,17295
20210218,17137.00,-158,20103830642,20200831,0,17137
20210219,17057.00,-80,20105355760,20200831,0,17057
20210222,16949.00,-108,20066546825,20200831,0,16949
20210224,16452.00,-497,19644861257,20200831,0,16452
20210225,16689.00,237,20022642278,20200831,0,16689
20210226,16124.00,-565,19386291049,20200831,0,16124
20210301,16261.00,137,19649939401,20200831,0,16261
20210302,16792.00,531,20362230766,20200831,0,16792
20210303,16496.00,-296,20381301662,20200831,0,16496
20210304,16053.00,-443,19920893996,20200831,0,16053
20210305,15912.00,-141,19796986296,20200831,0,15912
20210308,16243.00,331,20198062951,20200831,0,16243
20210309,15880.00,-363,19780838643,20200831,0,15880
20210310,16434.00,554,20741258866,20200831,0,16434
20210311,16372.00,-62,20800298291,20200831,0,16372
20210312,16772.00,400,21471651311,20200831,0,16772
20210315,16694.00,-78,21445950430,20200831,0,16694
20210316,16910.00,216,21858406731,20200831,0,16910
20210317,16984.00,74,21967684081,20200831,0,16984
20210318,17021.00,37,21975189683,20200831,0,17021
20210319,16508.00,-513,21382100211,20200831,0,16508
20210322,16578.00,70,21527745957,20200831,0,16578
20210323,16853.00,275,21939798543,20200831,0,16853
20210324,16731.00,-122,21846198186,20200831,0,16731
20210325,16486.00,-245,21581394606,20200831,0,16486
20210326,16527.00,41,21697680319,20200831,0,16527
20210329,16832.00,305,22200694645,20200831,0,16832
20210330,16849.00,17,22303248207,20200831,0,16849
20210331,16890.00,41,22431041523,20200831,0,16890
20210401,17166.00,276,22842715831,20200831,0,17166
20210402,17449.00,283,23256501861,20200831,0,17449
20210405,17445.00,-4,23539530299,20200831,0,17445
20210406,17742.00,297,23939942284,20200831,0,17742
20210407,17642.00,-100,24034752081,20200831,0,17642
20210408,17693.00,51,24183663898,20200831,0,17693
20210409,17792.00,99,24359730820,20200831,0,17792
20210412,17975.00,183,24648519438,20200831,0,17975
20210413,17915.00,-60,24638275027,20200831,0,17915
20210414,18010.00,95,24911446397,20200831,0,18010
20210415,17786.00,-224,24657516230,20200831,0,17786
20210416,18039.00,253,25047865466,20200831,0,18039
20210419,18048.00,9,25145663801,20200831,0,18048
20210420,17800.00,-248,24854693450,20200831,0,17800
20210421,17654.00,-146,24753200034,20200831,0,17654
20210422,17810.00,156,25006912433,20200831,0,17810
20210423,17571.00,-239,24688802056,20200831,0,17571
20210426,17790.00,219,25054362495,20200831,0,17790
20210427,17944.00,154,25246465707,20200831,0,17944
20210428,17986.00,42,25392442120,20200831,0,17986
20210430,17998.00,12,25455629722,20200831,0,17998
20210506,17461.00,-537,24728840810,20200831,0,17461
20210507,17576.00,115,25042111967,20200831,0,17576
20210510,17654.00,78,25546541219,20200831,0,17654
20210511,17225.00,-429,25005750975,20200831,0,17225
20210512,17185.00,-40,25144693272,20200831,0,17185
20210513,16863.00,-322,24726786909,20200831,0,16863
20210514,17003.00,140,24895967026,20200831,0,17003
20210517,17343.00,340,25419169458,20200831,0,17343
20210518,17203.00,-140,25337328774,20200831,0,17203
20210519,17046.00,-157,25253303931,20200831,0,17046
20210520,17114.00,68,25388736512,20200831,0,17114
20210521,17390.00,276,25849029316,20200831,0,17390
20210524,17296.00,-94,25739750134,20200831,0,17296
20210525,17571.00,275,26183088357,20200831,0,17571
20210526,17575.00,4,26165612424,20200831,0,17575
20210527,17700.00,125,26412582657,20200831,0,17700
20210528,17773.00,73,26499057150,20200831,0,17773
20210531,17777.00,4,26593950331,20200831,0,17777
20210601,17719.00,-58,26548909920,20200831,0,17719
20210602,17716.00,-3,26544114490,20200831,0,17716
20210603,17736.00,20,26797759449,20200831,0,17736
20210604,17658.00,-78,26701920482,20200831,0,17658
20210607,17856.00,198,26888958365,20200831,0,17856
20210608,17878.00,22,26944407869,20200831,0,17878
20210609,17890.00,12,26990316702,20200831,0,17890
20210610,17926.00,36,27039048079,20200831,0,17926
20210611,18083.00,157,27279805197,20200831,0,18083
20210614,18189.00,106,27502034231,20200831,0,18189
20210615,18410.00,221,27903046974,20200831,0,18410
20210616,18291.00,-119,27859712033,20200831,0,18291
20210617,18333.00,42,28088178541,20200831,0,18333
20210618,18493.00,160,28372659137,20200831,0,18493
20210621,18329.00,-164,28186688648,20200831,0,18329
20210622,18450.00,121,28439019062,20200831,0,18450
20210623,18701.00,251,28880112639,20200831,0,18701
20210624,18760.00,59,28976148120,20200831,0,18760
20210625,18868.00,108,29230556117,20200831,0,18868
20210628,18790.00,-78,29219155423,20200831,0,18790
20210629,18996.00,206,29683377795,20200831,0,18996
20210630,19068.00,72,29921285221,20200831,0,19068
20210701,19131.00,63,30087238805,20200831,0,19131
20210702,19237.00,106,30332092729,20200831,0,19237
20210705,19373.00,136,30869263181,20200831,0,19373
20210706,19322.00,-51,30860973784,20200831,0,19322
20210707,19328.00,6,30871567629,20200831,0,19328
20210708,19381.00,53,31184082428,20200831,0,19381
20210709,19151.00,-230,30873127662,20200831,0,19151
20210712,19328.00,177,31216801036,20200831,0,19328
20210713,19436.00,108,31426938261,20200831,0,19436
20210714,19479.00,43,31636661253,20200831,0,19479
20210715,19382.00,-97,31566728996,20200831,0,19382
20210716,19241.00,-141,31469038818,20200831,0,19241
20210719,19088.00,-153,31316173183,20200831,0,19088
20210720,18863.00,-225,30904611825,20200831,0,18863
20210721,19165.00,302,31487756114,20200831,0,19165
20210726,19765.00,600,32612043059,20200831,0,19765
20210727,19731.00,-34,32645010770,20200831,0,19731
20210728,19441.00,-290,32367667882,20200831,0,19441
20210729,19498.00,57,32475192584,20200831,0,19498
20210730,19494.00,-4,32497609363,20200831,0,19494
20210802,19408.00,-86,32389408471,20200831,0,19408
20210803,19356.00,-52,32321482791,20200831,0,19356
20210804,19435.00,79,32806412517,20200831,0,19435
20210805,19568.00,133,33062387216,20200831,0,19568
20210806,19738.00,170,33393950652,20200831,0,19738
20210810,19762.00,24,33491955760,20200831,0,19762
20210811,19717.00,-45,33453185004,20200831,0,19717
20210812,19626.00,-91,33422916258,20200831,0,19626
20210813,19723.00,97,33656215081,20200831,0,19723
20210816,19615.00,-108,33501875328,20200831,0,19615
20210817,19572.00,-43,33507586107,20200831,0,19572
20210818,19450.00,-122,33363497246,20200831,0,19450
20210819,19343.00,-107,33242515451,20200831,0,19343
20210820,19424.00,81,33387708543,20200831,0,19424
20210823,19622.00,198,33723256787,20200831,0,19622
20210824,19894.00,272,34236651680,20200831,0,19894
20210825,19967.00,73,34451880444,20200831,0,19967
20210826,20020.00,53,34552732551,20200831,0,20020
20210827,19890.00,-130,34369676916,20200831,0,19890
20210830,20043.00,153,34669164244,20210830,0,20043
20210831,20296.00,253,35177291473,20210830,0,20296
20210901,20321.00,25,35288990381,20210830,0,20321
20210902,20325.00,4,35365601390,20210830,0,20325
20210903,20306.00,-19,35629772290,20210830,0,20306
20210906,20347.00,41,35768334724,20210830,0,20347
20210907,20338.00,-9,35839656982,20210830,0,20338
20210908,20458.00,120,36050836893,20210830,0,20458
20210909,20379.00,-79,36195612356,20210830,0,20379
20210910,20218.00,-161,36005396145,20210830,0,20218
20210913,20098.00,-120,35886878382,20210830,0,20098
20210914,20103.00,5,36007110526,20210830,0,20103
20210915,19964.00,-139,35835641381,20210830,0,19964
20210916,20076.00,112,36155775569,20210830,0,20076
20210917,20165.00,89,36403743394,20210830,0,20165
20210921,19467.00,-698,35208548255,20210830,0,19467
20210922,19426.00,-41,35235678272,20210830,0,19426
20210924,20014.00,588,36457561563,20210830,0,20014
20210927,20092.00,78,36707684033,20210830,0,20092
20210928,19981.00,-111,36674472670,20210830,0,19981
20210929,19517.00,-464,35958990749,20210830,0,19517
20210930,19540.00,23,36071215977,20210830,0,19540
20211001,19372.00,-168,35843851189,20210830,0,19372
20211004,19428.00,56,36052691291,20210830,0,19428
20211005,18997.00,-431,35614562406,20210830,0,18997
20211006,19388.00,391,36342027851,20210830,0,19388
20211007,19471.00,83,36516608596,20210830,0,19471
20211008,19701.00,230,36959484345,20210830,0,19701
20211011,19699.00,-2,37017809387,20210830,0,19699
20211012,19764.00,65,37209865558,20210830,0,19764
20211013,19693.00,-71,37168251769,20210830,0,19693
20211014,19827.00,134,37464178561,20210830,0,19827
20211015,20288.00,461,38359381463,20210830,0,20288
20211018,20483.00,195,38811286031,20210830,0,20483
20211019,20678.00,195,39272571258,20210830,0,20678
20211020,20913.00,235,39901752461,20210830,0,20913
20211021,20811.00,-102,39717410200,20210830,0,20811
20211022,20901.00,90,39963286269,20210830,0,20901
20211025,20662.00,-239,39586907023,20210830,0,20662
20211026,20896.00,234,40081280584,20210830,0,20896
20211027,21010.00,114,40406666109,20210830,0,21010
20211028,21016.00,6,40495634997,20210830,0,21016
20211029,21221.00,205,40995366831,20210830,0,21221
20211101,21398.00,177,41436680572,20210830,0,21398
20211102,21475.00,77,41678649623,20210830,0,21475
20211104,21803.00,328,42728278338,20210830,0,21803
20211105,22008.00,205,43211694541,20210830,0,22008
20211108,21997.00,-11,43349632051,20210830,0,21997
20211109,21898.00,-99,43313042753,20210830,0,21898
20211110,21664.00,-234,43188602974,20210830,0,21664
20211111,21560.00,-104,43122894524,20210830,0,21560
20211112,21678.00,118,43477161621,20210830,0,21678
20211115,21857.00,179,43902744521,20210830,0,21857
20211116,21883.00,26,44019287434,20210830,0,21883
20211117,22173.00,290,44835989876,20210830,0,22173
20211118,22042.00,-131,44717870419,20210830,0,22042
20211119,22313.00,271,45426264700,20210830,0,22313
20211122,22384.00,71,45665465005,20210830,0,22384
20211124,22238.00,-146,45444457237,20210830,0,22238
20211125,22344.00,106,45893711084,20210830,0,22344
20211126,22266.00,-78,45837881319,20210830,0,22266
20211129,21582.00,-684,44429034456,20210830,0,21582
20211130,22083.00,501,45663302937,20210830,0,22083
20211201,21633.00,-450,44878120850,20210830,0,21633
20211202,21234.00,-399,44239657885,20210830,0,21234
20211203,21409.00,175,45045816287,20210830,0,21409
20211206,21032.00,-377,44416698441,20210830,0,21032
20211207,21289.00,257,45097389268,20210830,0,21289
20211208,21947.00,658,46675609044,20210830,0,21947
20211209,22088.00,141,47086112563,20210830,0,22088
20211210,21691.00,-397,46388267441,20210830,0,21691
20211213,21952.00,261,47006688316,20210830,0,21952
20211214,21640.00,-312,46465439744,20210830,0,21640
20211215,21439.00,-201,46145821652,20210830,0,21439
20211216,22022.00,583,47497578528,20210830,0,22022
20211217,21383.00,-639,46260085732,20210830,0,21383
20211220,21249.00,-134,46109770650,20210830,0,21249
20211221,21026.00,-223,45740551080,20210830,0,21026
20211222,21606.00,580,47100069160,20210830,0,21606
20211223,21877.00,271,47711676147,20210830,0,21877
20211224,22102.00,225,48283269024,20210830,0,22102
20211227,22086.00,-16,48308651818,20210830,0,22086
20211228,22541.00,455,49305715843,20210830,0,22541
20211229,22422.00,-119,49411291414,20210830,0,22422
20211230,22450.00,28,49505799547,20210830,0,22450
20220104,22545.00,95,49712568999,20210830,0,22545
20220105,22394.00,-151,49406787195,20210830,0,22394
20220106,21666.00,-728,48177287595,20210830,0,21666
20220107,21644.00,-22,48212722822,20210830,0,21644
20220111,21317.00,-327,47895298684,20210830,0,21317
20220112,21630.00,313,48728638232,20210830,0,21630
20220113,21583.00,-47,48626639066,20210830,0,21583
20220114,20929.00,-654,47242272210,20210830,0,20929
20220117,21126.00,197,47693753921,20210830,0,21126
20220118,21166.00,40,47875642187,20210830,0,21166
20220119,20652.00,-514,46712386336,20210830,0,20652
20220120,20357.00,-295,46144649266,20210830,0,20357
20220121,20002.00,-355,45249814978,20210830,0,20002
20220124,19455.00,-547,44013383413,20210830,0,19455
20220125,19576.00,121,44082182556,20210830,0,19576
20220126,19062.00,-514,42929629732,20210830,0,19062
20220127,19226.00,164,43219202036,20210830,0,19226
20220128,19132.00,-94,42997302210,20210830,0,19132
20220131,19746.00,614,44318808383,20210830,0,19746
20220201,20345.00,599,45675420280,20210830,0,20345
20220202,20387.00,42,45831806130,20210830,0,20387
20220203,20505.00,118,46528993111,20210830,0,20505
20220204,19736.00,-769,44964831451,20210830,0,19736
20220207,20046.00,310,45686702789,20210830,0,20046
20220208,19886.00,-160,45373462724,20210830,0,19886
20220209,20170.00,284,46077746491,20210830,0,20170
20220210,20602.00,432,46687165204,20210830,0,20602
20220214,19473.00,-1129,44151243687,20210830,0,19473
20220215,19492.00,19,44275137363,20210830,0,19492
20220216,20023.00,531,45454752648,20210830,0,20023
20220217,19965.00,-58,45454237506,20210830,0,19965
20220218,19286.00,-679,43980450722,20210830,0,19286
20220221,19083.00,-203,43563005712,20210830,0,19083
20220222,19038.00,-45,43508932297,20210830,0,19038
20220224,18384.00,-654,42014839501,20210830,0,18384
20220225,19122.00,738,43758417099,20210830,0,19122
20220228,19411.00,289,44335710430,20210830,0,19411
20220301,19432.00,21,44508862994,20210830,0,19432
20220302,19071.00,-361,43957748634,20210830,0,19071
20220303,19500.00,429,45381416670,20210830,0,19500
20220304,19182.00,-318,44731889907,20210830,0,19182
20220307,18845.00,-337,44045131121,20210830,0,18845
20220308,18213.00,-632,42621312770,20210830,0,18213
20220309,18205.00,-8,42659146970,20210830,0,18205
20220310,18876.00,671,44171778720,20210830,0,18876
20220311,18718.00,-158,43830505908,20210830,0,18718
20220314,18523.00,-195,43437478230,20210830,0,18523
20220315,18269.00,-254,42884365376,20210830,0,18269
20220316,18868.00,599,44407673357,20210830,0,18868
20220317,19664.00,796,46362388968,20210830,0,19664
20220318,19843.00,179,46850964959,20210830,0,19843
20220322,20434.00,591,48477979424,20210830,0,20434
20220323,21024.00,590,50058713344,20210830,0,21024
20220324,20711.00,-313,49459227589,20210830,0,20711
20220325,21342.00,631,51005469676,20210830,0,21342
20220328,21355.00,13,51019802248,20210830,0,21355
20220329,22043.00,688,52738818837,20210830,0,22043
20220330,22099.00,56,52917641446,20210830,0,22099
20220331,21840.00,-259,52261820542,20210830,0,21840
20220401,21472.00,-368,51248970474,20210830,0,21472
20220404,21540.00,68,51373233664,20210830,0,21540
20220405,21998.00,458,52724944348,20210830,0,21998
20220406,21744.00,-254,52108216360,20210830,0,21744
20220407,21232.00,-512,50884997036,20210830,0,21232
20220408,21302.00,70,50884607100,20210830,0,21302
20220411,21144.00,-158,50432660079,20210830,0,21144
20220412,20800.00,-344,49672466945,20210830,0,20800
20220413,20735.00,-65,49472529454,20210830,0,20735
20220414,21141.00,406,50420682872,20210830,0,21141
20220415,20788.00,-353,49591190443,20210830,0,20788
20220418,20839.00,51,49765562652,20210830,0,20839
20220419,20976.00,137,50093060015,20210830,0,20976
20220420,21776.00,800,52041091132,20210830,0,21776
20220421,21262.00,-514,50795254500,20210830,0,21262
20220422,20898.00,-364,49926271660,20210830,0,20898
20220425,20368.00,-530,48639439332,20210830,0,20368
20220426,20444.00,76,48799863453,20210830,0,20444
20220427,19663.00,-781,46958321405,20210830,0,19663
20220428,19838.00,175,47404131571,20210830,0,19838
20220502,19798.00,-40,47364960655,20210830,0,19798
20220506,19858.00,60,47577742861,20210830,0,19858
20220509,19658.00,-200,47392666494,20210830,0,19658
20220510,18768.00,-890,45338061661,20210830,0,18768
20220511,19053.00,285,46109583537,20210830,0,19053
20220512,18392.00,-661,44588894542,20210830,0,18392
20220513,18237.00,-155,44265791020,20210830,0,18237
20220516,19020.00,783,46193925757,20210830,0,19020
20220517,18749.00,-271,45643722085,20210830,0,18749
20220518,19244.00,495,47035689838,20210830,0,19244
20220519,18149.00,-1095,44420027333,20210830,0,18149
20220520,17987.00,-162,44095566670,20210830,0,17987
20220523,17917.00,-70,44001460641,20210830,0,17917
20220524,18229.00,312,44824886593,20210830,0,18229
20220525,17705.00,-524,43577035936,20210830,0,17705
20220526,18042.00,337,44345870557,20210830,0,18042
20220527,18475.00,433,45460391836,20210830,0,18475
20220530,19081.00,606,46983957300,20210830,0,19081
20220531,19261.00,180,47480373613,20210830,0,19261
20220601,19310.00,49,47600640568,20210830,0,19310
20220602,19335.00,25,47779167865,20210830,0,19335
20220603,19833.00,498,49322897957,20210830,0,19833
20220606,19452.00,-381,48409698914,20210830,0,19452
20220607,19740.00,288,49184924442,20210830,0,19740
20220608,20001.00,261,49800168767,20210830,0,20001
20220609,20096.00,95,50063058875,20210830,0,20096
20220610,19512.00,-584,48641742520,20210830,0,19512
20220613,18927.00,-585,47178621332,20210830,0,18927
20220614,17939.00,-988,44694760185,20210830,0,17939
20220615,18096.00,157,45085485437,20210830,0,18096
20220616,18450.00,354,45977070015,20210830,0,18450
20220617,17565.00,-885,43859512350,20210830,0,17565
20220620,18052.00,487,45134054747,20210830,0,18052
20220621,18047.00,-5,45156397050,20210830,0,18047
20220622,18673.00,626,46723908558,20210830,0,18673
20220623,18604.00,-69,46627226267,20210830,0,18604
20220624,18742.00,138,46987233919,20210830,0,18742
20220627,19307.00,565,48420682165,20210830,0,19307
20220628,19275.00,-32,48354919824,20210830,0,19275
20220629,18773.00,-502,47084079817,20210830,0,18773
20220630,18879.00,106,47353139504,20210830,0,18879
20220701,18536.00,-343,46492562260,20210830,0,18536
20220704,18528.00,-8,46487348023,20210830,0,18528
20220705,18687.00,159,47168574915,20210830,0,18687
20220706,18941.00,254,47811414237,20210830,0,18941
20220707,19085.00,144,48182314225,20210830,0,19085
20220708,19523.00,438,49279331848,20210830,0,19523
20220711,19608.00,85,49531141396,20210830,0,19608
20220712,19288.00,-320,48774361687,20210830,0,19288
20220713,19070.00,-218,48244053717,20210830,0,19070
20220714,19179.00,109,48531513772,20210830,0,19179
20220715,19374.00,195,49034399148,20210830,0,19374
20220719,19456.00,82,49295636540,20210830,0,19456
20220720,20053.00,597,50821642388,20210830,0,20053
20220721,20414.00,361,51754320631,20210830,0,20414
20220722,20533.00,119,52118660158,20210830,0,20533
20220725,20066.00,-467,50874013554,20210830,0,20066
20220726,19932.00,-134,50538689428,20210830,0,19932
20220727,19618.00,-314,49753879052,20210830,0,19618
20220728,20346.00,728,51601756309,20210830,0,20346
20220729,20281.00,-65,51479946955,20210830,0,20281
20220801,20388.00,107,51769637662,20210830,0,20388
20220802,20066.00,-322,51007217427,20210830,0,20066
20220803,20442.00,376,52291374401,20210830,0,20442
20220804,20985.00,543,53684062579,20210830,0,20985
20220805,20979.00,-6,53663627400,20210830,0,20979
20220808,21180.00,201,54157967660,20210830,0,21180
20220809,21033.00,-147,53822025150,20210830,0,21033
20220810,20848.00,-185,53308787854,20210830,0,20848
20220812,20997.00,149,53609306188,20210830,0,20997
20220815,21375.00,378,54586612195,20210830,0,21375
20220816,21570.00,195,55020429682,20210830,0,21570
20220817,21702.00,132,55441924304,20210830,0,21702
20220818,21543.00,-159,54964152612,20210830,0,21543
20220819,21823.00,280,55649890642,20210830,0,21823
20220822,21533.00,-290,54868866694,20210830,0,21533
20220823,20979.00,-554,53432153178,20210830,0,20979
20220824,20908.00,-71,53134583502,20210830,0,20908
20220825,20974.00,66,53253788761,20210830,0,20974
20220826,21307.00,333,54091909681,20210830,0,21307
20220829,20671.00,-636,52505123662,20210830,0,20671
20220830,20506.00,-165,52091276411,20220830,0,20506
20220831,20282.00,-224,51509460262,20220830,0,20282
20220901,20298.00,16,51605174754,20220830,0,20298
20220902,20387.00,89,51837416536,20220830,0,20387
20220905,20131.00,-256,51413787228,20220830,0,20131
20220906,20119.00,-12,51402014558,20220830,0,20119
20220907,20380.00,261,52069588496,20220830,0,20380
20220908,20998.00,618,53669093346,20220830,0,20998
20220909,21006.00,8,53678305931,20220830,0,21006
20220912,21313.00,307,54520931414,20220830,0,21313
20220913,21526.00,213,55094672412,20220830,0,21526
20220914,20612.00,-914,52765637112,20220830,0,20612
20220915,20621.00,9,52771197329,20220830,0,20621
20220916,20237.00,-384,51832952718,20220830,0,20237
20220920,20303.00,66,52063938099,20220830,0,20303
20220921,20193.00,-110,51798662773,20220830,0,20193
20220922,19939.00,-254,51236851365,20220830,0,19939
20220926,19313.00,-626,49652134968,20220830,0,19313
20220927,19280.00,-33,49580805949,20220830,0,19280
20220928,19340.00,60,49739075707,20220830,0,19340
20220929,19668.00,328,50601467176,20220830,0,19668
20220930,19168.00,-500,49365885133,20220830,0,19168
20221003,18846.00,-322,48562614901,20220830,0,18846
20221004,19267.00,421,49680088607,20220830,0,19267
20221005,19770.00,503,51277626002,20220830,0,19770
20221006,19851.00,81,51566792256,20220830,0,19851
20221007,19736.00,-115,51349545998,20220830,0,19736
20221011,18886.00,-850,49190459604,20220830,0,18886
20221012,18706.00,-180,48751962509,20220830,0,18706
20221013,18790.00,84,49049854808,20220830,0,18790
20221014,19285.00,495,50385139294,20220830,0,19285
20221017,18838.00,-447,49206030563,20220830,0,18838
20221018,19525.00,687,51107206337,20220830,0,19525
20221019,19721.00,196,51708156832,20220830,0,19721
20221020,19742.00,21,51816421485,20220830,0,19742
20221021,19677.00,-65,51677384461,20220830,0,19677
20221024,19981.00,304,52514825755,20220830,0,19981
20221025,20194.00,213,53107299666,20220830,0,20194
20221026,20505.00,311,53974508319,20220830,0,20505
20221027,19752.00,-753,52017658794,20220830,0,19752
20221028,19460.00,-292,51263211176,20220830,0,19460
20221031,20294.00,834,53464409355,20220830,0,20294
20221101,20116.00,-178,53046591521,20220830,0,20116
20221102,19756.00,-360,52114191280,20220830,0,19756
20221104,18800.00,-956,49839492291,20220830,0,18800
20221107,18931.00,131,50189929110,20220830,0,18931
20221108,19076.00,145,50620451615,20220830,0,19076
20221109,19122.00,46,50839103464,20220830,0,19122
20221110,18749.00,-373,49909702811,20220830,0,18749
20221111,19526.00,777,52025484291,20220830,0,19526
20221114,19562.00,36,52151892399,20220830,0,19562
20221115,19486.00,-76,52019742841,20220830,0,19486
20221116,19650.00,164,52392909629,20220830,0,19650
20221117,19365.00,-285,51732538362,20220830,0,19365
20221118,19435.00,70,51939788720,20220830,0,19435
20221121,19444.00,9,51989885748,20220830,0,19444
20221122,19477.00,33,52107104707,20220830,0,19477
20221124,19560.00,83,52362958994,20220830,0,19560
20221125,19538.00,-22,52334453275,20220830,0,19538
20221128,19400.00,-138,51965312268,20220830,0,19400
20221129,19095.00,-305,51180866345,20220830,0,19095
20221130,18951.00,-144,50867310659,20220830,0,18951
20221201,19565.00,614,52517852169,20220830,0,19565
20221202,19374.00,-191,52018574819,20220830,0,19374
20221205,19174.00,-200,51743514230,20220830,0,19174
20221206,19097.00,-77,51536435224,20220830,0,19097
20221207,18816.00,-281,50767467102,20220830,0,18816
20221208,18630.00,-186,50294010554,20220830,0,18630
20221209,18910.00,280,51098000415,20220830,0,18910
20221212,18762.00,-148,50767051502,20220830,0,18762
20221213,19144.00,382,51813830624,20220830,0,19144
20221214,19024.00,-120,51547229199,20220830,0,19024
20221215,18875.00,-149,51172420422,20220830,0,18875
20221216,18541.00,-334,50280058712,20220830,0,18541
20221219,18172.00,-369,49356651379,20220830,0,18172
20221220,17697.00,-475,48082785520,20220830,0,17697
20221221,17314.00,-383,47024172575,20220830,0,17314
20221222,17638.00,324,47858293846,20220830,0,17638
20221223,17261.00,-377,46820500308,20220830,0,17261
20221226,17248.00,-13,46813913203,20220830,0,17248
20221227,17366.00,118,47137707384,20220830,0,17366
20221228,17199.00,-167,46683032955,20220830,0,17199
20221229,17000.00,-199,46186644371,20220830,0,17000
20221230,17241.00,241,46819453999,20220830,0,17241
20230104,16887.00,-354,45901903548,20220830,0,16887
20230105,17119.00,232,46542725354,20220830,0,17119
20230106,17048.00,-71,46537475290,20220830,0,17048
20230110,17381.00,333,47463835683,20220830,0,17381
20230111,17605.00,224,48088186798,20220830,0,17605
20230112,17858.00,253,48869911266,20220830,0,17858
20230113,17579.00,-279,48080299303,20220830,0,17579
20230116,17518.00,-61,47935262360,20220830,0,17518
20230117,17591.00,73,48159695305,20220830,0,17591
20230118,17970.00,379,49197833847,20220830,0,17970
20230119,17396.00,-574,47752375120,20220830,0,17396
20230120,17251.00,-145,47353900500,20220830,0,17251
20230123,17824.00,573,48945464264,20220830,0,17824
20230124,18371.00,547,50477941051,20220830,0,18371
20230125,18328.00,-43,50373556438,20220830,0,18328
20230126,18120.00,-208,49862434801,20220830,0,18120
20230127,18528.00,408,51001729891,20220830,0,18528
20230130,18780.00,252,51754078487,20220830,0,18780
20230131,18440.00,-340,50830336833,20220830,0,18440
20230201,18650.00,210,51429446373,20220830,0,18650
20230202,18848.00,198,51992458754,20220830,0,18848
20230203,19556.00,708,54160988479,20220830,0,19556
20230206,19750.00,194,54698487446,20220830,0,19750
20230207,19608.00,-142,54303467071,20220830,0,19608
20230208,19773.00,165,54740337662,20220830,0,19773
20230209,19516.00,-257,54019420645,20220830,0,19516
20230210,19350.00,-166,53511577969,20220830,0,19350
20230213,19243.00,-107,53197764267,20220830,0,19243
20230214,19631.00,388,54273433124,20220830,0,19631
20230215,19843.00,212,54854315140,20220830,0,19843
20230216,20206.00,363,55885536291,20220830,0,20206
20230217,19853.00,-353,54914225880,20220830,0,19853
20230220,19725.00,-128,54478606739,20220830,0,19725
20230221,19705.00,-20,54426214500,20220830,0,19705
20230222,19314.00,-391,53345555649,20220830,0,19314
20230224,19404.00,90,53608919832,20220830,0,19404
20230227,19365.00,-39,53500488306,20220830,0,19365
20230228,19516.00,151,53936644890,20220830,0,19516
20230301,19502.00,-14,53954106836,20220830,0,19502
20230302,19300.00,-202,53383186340,20220830,0,19300
20230303,19552.00,252,54265513656,20220830,0,19552
20230306,19836.00,284,55061136954,20220830,0,19836
20230307,19886.00,50,55202667875,20220830,0,19886
20230308,19819.00,-67,55009965103,20220830,0,19819
20230309,19885.00,66,55178597240,20220830,0,19885
20230310,19375.00,-510,53785031987,20220830,0,19375
20230313,18872.00,-503,52383702628,20220830,0,18872
20230314,18859.00,-13,52359732356,20220830,0,18859
20230315,19503.00,644,54096695366,20220830,0,19503
20230316,19395.00,-108,53792171144,20220830,0,19395
20230317,19951.00,556,55380451544,20220830,0,19951
20230320,19725.00,-226,54822465119,20220830,0,19725
20230322,20055.00,330,55757503789,20220830,0,20055
20230323,19539.00,-516,54303759519,20220830,0,19539
20230324,19749.00,210,54871459350,20220830,0,19749
20230327,19807.00,58,55037444009,20220830,0,19807
20230328,19662.00,-145,54663340989,20220830,0,19662
20230329,19658.00,-4,54686618504,20220830,0,19658
20230330,20218.00,560,56240437335,20220830,0,20218
20230331,20554.00,336,57194923746,20220830,0,20554
20230403,20841.00,287,57979291232,20220830,0,20841
20230404,20706.00,-135,57561177735,20220830,0,20706
20230405,20470.00,-236,56942657854,20220830,0,20470
20230406,20204.00,-266,56116796823,20220830,0,20204
20230407,20444.00,240,56714002372,20220830,0,20444
20230410,20573.00,129,56955145116,20220830,0,20573
20230411,20689.00,116,57276186893,20220830,0,20689
20230412,20597.00,-92,57060012696,20220830,0,20597
20230413,20343.00,-254,56294205980,20220830,0,20343
20230414,20642.00,299,57093828672,20220830,0,20642
20230417,20796.00,154,57544117374,20220830,0,20796
20230418,20898.00,102,57821637924,20220830,0,20898
20230419,20852.00,-46,57666575156,20220830,0,20852
20230420,20969.00,117,57924799507,20220830,0,20969
20230421,20712.00,-257,57168883976,20220830,0,20712
20230424,20703.00,-9,57085595992,20220830,0,20703
20230425,20688.00,-15,57014903167,20220830,0,20688
20230426,20216.00,-472,55657941344,20220830,0,20216
20230427,20333.00,117,55973377532,20220830,0,20333
20230428,20957.00,624,57683324825,20220830,0,20957
20230501,21519.00,562,59283726033,20220830,0,21519
20230502,21626.00,107,59602698495,20220830,0,21626
20230508,21274.00,-352,58744362595,20220830,0,21274
20230509,21357.00,83,58838943913,20220830,0,21357
20230510,21184.00,-173,58248323786,20220830,0,21184
20230511,21265.00,81,58438927998,20220830,0,21265
20230512,21406.00,141,58819462216,20220830,0,21406
20230515,21554.00,148,59211961535,20220830,0,21554
20230516,21672.00,118,59527315585,20220830,0,21672
20230517,21763.00,91,59751587793,20220830,0,21763
20230518,22216.00,453,60883738095,20220830,0,22216
20230519,22748.00,532,62279519623,20220830,0,22748
20230522,22583.00,-165,61783778605,20220830,0,22583
20230523,22783.00,200,62189476161,20220830,0,22783
20230524,22516.00,-267,61336657027,20220830,0,22516
20230525,22551.00,35,61229998976,20220830,0,22551
20230526,23162.00,611,62816716768,20220830,0,23162
20230529,23909.00,747,64780006065,20220830,0,23909
20230530,23823.00,-86,64555595352,20220830,0,23823
20230531,23833.00,10,64581164409,20220830,0,23833
20230601,23569.00,-264,63749837226,20220830,0,23569
20230602,23846.00,277,64394986377,20220830,0,23846
20230605,24224.00,378,65588118956,20220830,0,24224
20230606,24141.00,-83,65395050500,20220830,0,24141
20230607,24128.00,-13,65383745941,20220830,0,24128
20230608,23789.00,-339,64464205631,20220830,0,23789
20230609,23944.00,155,64867309381,20220830,0,23944
20230612,24065.00,121,65232007521,20220830,0,24065
20230613,24535.00,470,66532322472,20220830,0,24535
20230614,24795.00,260,67314255034,20220830,0,24795
20230615,25028.00,233,68054027577,20220830,0,25028
20230616,25315.00,287,68873667957,20220830,0,25315
20230619,25440.00,125,69276792507,20220830,0,25440
20230620,25486.00,46,69458292763,20220830,0,25486
20230621,25358.00,-128,69108959254,20220830,0,25358
20230622,25076.00,-282,68402428654,20220830,0,25076
20230623,25585.00,509,69761511806,20220830,0,25585
20230626,25383.00,-202,69124897228,20220830,0,25383
20230627,25063.00,-320,68274782399,20220830,0,25063
20230628,25544.00,481,69529710367,20220830,0,25544
20230629,25660.00,116,69850596145,20220830,0,25660
20230630,25732.00,72,70066402111,20220830,0,25732
20230703,26056.00,324,70972668537,20220830,0,26056
20230704,26118.00,62,71181078852,20220830,0,26118
20230705,26118.00,0,71407715482,20220830,0,26118
20230706,26090.00,-28,71332054843,20220830,0,26090
20230707,25842.00,-248,70720890264,20220830,0,25842
20230710,25463.00,-379,69721324716,20220830,0,25463
20230711,25285.00,-178,69241456591,20220830,0,25285
20230712,25126.00,-159,68862833062,20220830,0,25126
20230713,25219.00,93,69121419282,20220830,0,25219
20230714,25536.00,317,69992498310,20220830,0,25536
20230718,25922.00,386,71162176062,20220830,0,25922
20230719,26164.00,242,71838481696,20220830,0,26164
20230720,26264.00,100,72193935355,20220830,0,26264
20230721,25737.00,-527,70778538564,20220830,0,25737
20230724,25986.00,249,71495946135,20220830,0,25986
20230725,25977.00,-9,71432355666,20220830,0,25977
20230726,26080.00,103,71722343131,20220830,0,26080
20230727,25835.00,-245,71048941401,20220830,0,25835
20230728,25629.00,-206,70491925051,20220830,0,25629
20230731,26372.00,743,72594295412,20220830,0,26372
20230801,26659.00,287,73399378527,20220830,0,26659
20230802,26740.00,81,73624573714,20220830,0,26740
20230803,26193.00,-547,72355177874,20220830,0,26193
20230804,26055.00,-138,72036853125,20220830,0,26055
20230807,25707.00,-348,71065023066,20220830,0,25707
20230808,26180.00,473,72374569861,20220830,0,26180
20230809,26024.00,-156,71987787313,20220830,0,26024
20230810,25822.00,-202,71445210086,20220830,0,25822
20230814,25907.00,85,71690219326,20220830,0,25907
20230815,26301.00,394,72794926903,20220830,0,26301
20230816,26033.00,-268,72042001500,20220830,0,26033
20230817,25895.00,-138,71722306248,20220830,0,25895
20230818,25480.00,-415,70554173610,20220830,0,25480
20230821,25378.00,-102,70262300138,20220830,0,25378
20230822,25961.00,583,71870433180,20220830,0,25961
20230823,25817.00,-144,71448086621,20220830,0,25817
20230824,26075.00,258,72169991464,20220830,0,26075
20230825,25745.00,-330,71260688383,20220830,0,25745
20230828,26020.00,275,72083571535,20220830,0,26020
20230829,26209.00,189,72623731374,20220830,0,26209
20230830,26685.00,476,73988699602,20230830,0,26685
20230831,26863.00,178,74487895892,20230830,0,26863
20230901,26849.00,-14,74459378441,20230830,0,26849
20230904,26931.00,82,74706828801,20230830,0,26931
20230905,26983.00,52,75053607631,20230830,0,26983
20230906,27254.00,271,75806357287,20230830,0,27254
20230907,27027.00,-227,75185139314,20230830,0,27027
20230908,26661.00,-366,74171439831,20230830,0,26661
20230911,26690.00,29,74287254069,20230830,0,26690
20230912,26961.00,271,75119944154,20230830,0,26961
20230913,26771.00,-190,74624885264,20230830,0,26771
20230914,26846.00,75,74837954518,20230830,0,26846
20230915,27150.00,304,75700072288,20230830,0,27150
20230919,26731.00,-419,74644779446,20230830,0,26731
20230920,26691.00,-40,74591192406,20230830,0,26691
20230921,26411.00,-280,73893050497,20230830,0,26411
20230922,25791.00,-620,72164727595,20230830,0,25791
20230925,25947.00,156,72627798519,20230830,0,25947
20230926,26145.00,198,73194286587,20230830,0,26145
20230927,25773.00,-372,72252414709,20230830,0,25773
20230928,25932.00,159,72738592802,20230830,0,25932
20230929,26139.00,207,73468173752,20230830,0,26139
20231002,26196.00,57,73657704032,20230830,0,26196
20231003,26438.00,242,74289748923,20230830,0,26438
20231004,25852.00,-586,72876091284,20230830,0,25852
20231005,26149.00,297,73760061634,20230830,0,26149
20231006,26034.00,-115,73427034407,20230830,0,26034
20231010,26579.00,545,75008619813,20230830,0,26579
20231011,26739.00,160,75502293823,20230830,0,26739
20231012,27041.00,302,76444099442,20230830,0,27041
20231013,27062.00,21,76559584859,20230830,0,27062
20231016,26663.00,-399,75466543391,20230830,0,26663
20231017,26975.00,312,76435981045,20230830,0,26975
20231018,26932.00,-43,76392210175,20230830,0,26932
20231019,26560.00,-372,75337932754,20230830,0,26560
20231020,26347.00,-213,74759987361,20230830,0,26347
20231023,25938.00,-409,73611304568,20230830,0,25938
20231024,25994.00,56,73799077425,20230830,0,25994
20231025,26285.00,291,74600795323,20230830,0,26285
20231026,25685.00,-600,72911964353,20230830,0,25685
20231027,25215.00,-470,71618927343,20230830,0,25215
20231030,25253.00,38,71771116759,20230830,0,25253
20231031,25472.00,219,72483231107,20230830,0,25472
20231101,25938.00,466,73833610884,20230830,0,25938
20231102,26250.00,312,74733712761,20230830,0,26250
20231106,26858.00,608,76689803730,20230830,0,26858
20231107,27036.00,178,77235632816,20230830,0,27036
20231108,27391.00,355,78301324125,20230830,0,27391
20231109,27495.00,104,78582254437,20230830,0,27495
20231110,27337.00,-158,78194629452,20230830,0,27337
20231113,28005.00,668,80088732583,20230830,0,28005
20231114,27933.00,-72,79871375552,20230830,0,27933
20231115,28321.00,388,80966408976,20230830,0,28321
20231116,28464.00,143,81350831369,20230830,0,28464
20231117,28385.00,-79,81271367453,20230830,0,28385
20231120,28240.00,-145,80846550216,20230830,0,28240
20231121,28240.00,0,80839652253,20230830,0,28240
20231122,28107.00,-133,80451585727,20230830,0,28107
20231124,28470.00,363,81488623944,20230830,0,28470
20231127,28413.00,-57,81350025929,20230830,0,28413
20231128,28118.00,-295,80533948931,20230830,0,28118
20231129,27971.00,-147,80151339042,20230830,0,27971
20231130,27959.00,-12,80156610334,20230830,0,27959
20231201,28048.00,89,80396831449,20230830,0,28048
20231204,27855.00,-193,79843592235,20230830,0,27855
20231205,27722.00,-133,79721288766,20230830,0,27722
20231206,27809.00,87,80000305106,20230830,0,27809
20231207,27634.00,-175,79462244327,20230830,0,27634
20231208,27296.00,-338,78483002085,20230830,0,27296
20231211,27814.00,518,80018821257,20230830,0,27814
20231212,28143.00,329,81006235374,20230830,0,28143
20231213,28324.00,181,81517098902,20230830,0,28324
20231214,28065.00,-259,80758511530,20230830,0,28065
20231215,28029.00,-36,80651617187,20230830,0,28029
20231218,28111.00,82,80929232734,20230830,0,28111
20231219,28388.00,277,81822316030,20230830,0,28388
20231220,28799.00,411,83021779957,20230830,0,28799
20231221,28251.00,-548,81444284516,20230830,0,28251
20231222,28368.00,117,81773396683,20230830,0,28368
20231225,28378.00,10,81672018044,20230830,0,28378
20231226,28387.00,9,81664429928,20230830,0,28387
20231227,28662.00,275,82455744826,20230830,0,28662
20231228,28519.00,-143,82022508290,20230830,0,28519
20231229,28503.00,-16,82081459976,20230830,0,28503
20240104,27927.00,-576,80456160824,20230830,0,27927
20240105,28086.00,159,81006033786,20230830,0,28086
20240109,28510.00,424,83432495137,20230830,0,28510
20240110,28702.00,192,84265031457,20230830,0,28702
20240111,29089.00,387,85772359097,20230830,0,29089
20240112,29071.00,-18,85450580597,20230830,0,29071
20240115,29061.00,-10,85584569915,20230830,0,29061
20240116,29208.00,147,86177894380,20230830,0,29208
20240117,29510.00,302,87069492974,20230830,0,29510
20240118,29508.00,-2,87482812549,20230830,0,29508
20240119,29925.00,417,88891880166,20230830,0,29925
20240122,30511.00,586,90799522751,20230830,0,30511
20240123,30530.00,19,90974734557,20230830,0,30530
20240124,30664.00,134,91692499349,20230830,0,30664
20240125,30766.00,102,92178741734,20230830,0,30766
20240126,30764.00,-2,92338100031,20230830,0,30764
20240129,30707.00,-57,92381276667,20230830,0,30707
20240130,30834.00,127,92882268146,20230830,0,30834
20240131,30662.00,-172,92730897473,20230830,0,30662
20240201,29923.00,-739,90605296055,20230830,0,29923
20240202,30211.00,288,91607296664,20230830,0,30211
20240205,31205.00,994,95515794289,20230830,0,31205
20240206,31136.00,-69,95574067924,20230830,0,31136
20240207,30899.00,-237,95096316730,20230830,0,30899
20240208,31276.00,377,96335723299,20230830,0,31276
20240209,31619.00,343,97595836063,20230830,0,31619
20240213,31769.00,150,98418291887,20230830,0,31769
20240214,31538.00,-231,97831724455,20230830,0,31538
20240215,31872.00,334,99150178375,20230830,0,31872
20240216,31894.00,22,99335682051,20230830,0,31894
20240219,31560.00,-334,98642741924,20230830,0,31560
20240220,31633.00,73,98906858207,20230830,0,31633
20240221,31338.00,-295,97984195604,20230830,0,31338
20240222,31301.00,-37,98379450722,20230830,0,31301
20240226,32081.00,780,100902883025,20230830,0,32081
20240227,32136.00,55,101223864118,20230830,0,32136
20240228,32170.00,34,101567447268,20230830,0,32170
20240229,32035.00,-135,101309243863,20230830,0,32035
20240301,32264.00,229,102142723746,20230830,0,32264
20240304,32680.00,416,103538756777,20230830,0,32680
20240305,32621.00,-59,104145591313,20230830,0,32621
20240306,31953.00,-668,102285415047,20230830,0,31953
20240307,31945.00,-8,102432374285,20230830,0,31945
20240308,32190.00,245,103349434717,20230830,0,32190
20240311,31478.00,-712,101246401285,20230830,0,31478
20240312,31367.00,-111,101195499222,20230830,0,31367
20240313,31980.00,613,103296405125,20230830,0,31980
20240314,31749.00,-231,102653234323,20230830,0,31749
20240315,31853.00,104,103061956507,20230830,0,31853
20240318,31640.00,-213,102467367129,20230830,0,31640
20240319,31944.00,304,103638140924,20230830,0,31944
20240321,32729.00,785,106333939721,20230830,0,32729
20240322,33048.00,319,107404988287,20230830,0,33048
20240325,33046.00,-2,107538432370,20230830,0,33046
20240326,32911.00,-135,107215785254,20230830,0,32911
20240327,32844.00,-67,107456955135,20230830,0,32844
20240328,32960.00,116,108138243957,20230830,0,32960
20240329,32887.00,-73,108185576209,20230830,0,32887
20240401,32891.00,4,108332578089,20230830,0,32891
20240402,33032.00,141,108798508490,20230830,0,33032
20240403,32692.00,-340,108609165457,20230830,0,32692
20240404,32795.00,103,109167534819,20230830,0,32795
20240405,32127.00,-668,107049035760,20230830,0,32127
20240408,32710.00,583,109030127491,20230830,0,32710
20240409,32736.00,26,109238801206,20230830,0,32736
20240410,32827.00,91,109975384684,20230830,0,32827
20240411,32795.00,-32,109915942987,20230830,0,32795
20240412,33350.00,555,111959811205,20230830,0,33350
20240415,32875.00,-475,110454368072,20230830,0,32875
20240416,32535.00,-340,109495142310,20230830,0,32535
20240417,32624.00,89,109963910359,20230830,0,32624
20240418,32151.00,-473,108320461534,20230830,0,32151
20240419,32029.00,-122,108097167337,20230830,0,32029
20240422,31379.00,-650,105942775076,20230830,0,31379
20240423,31707.00,328,107090753760,20230830,0,31707
20240424,32188.00,481,108898865173,20230830,0,32188
20240425,32430.00,242,109850422956,20230830,0,32430
20240426,32303.00,-127,109648747427,20230830,0,32303
20240430,33193.00,890,112839717184,20230830,0,33193
20240501,32777.00,-416,111532852501,20230830,0,32777
20240502,32171.00,-606,109674515180,20230830,0,32171
20240507,33170.00,999,114095979958,20230830,0,33170
20240508,33350.00,180,114875650821,20230830,0,33350
20240509,33487.00,137,115539393909,20230830,0,33487
20240510,33554.00,67,116101031681,20230830,0,33554
20240513,33704.00,150,116683926741,20230830,0,33704
20240514,33857.00,153,117338451267,20230830,0,33857
20240515,34125.00,268,118281561295,20230830,0,34125
20240516,34068.00,-57,118146756036,20230830,0,34068
20240517,34364.00,296,119394019281,20230830,0,34364
20240520,34414.00,50,119625369980,20230830,0,34414
20240521,34781.00,367,120937280494,20230830,0,34781
20240522,34818.00,37,121296223631,20230830,0,34818
20240523,34934.00,116,121790528417,20230830,0,34934
20240524,34834.00,-100,121567561455,20230830,0,34834
20240527,35112.00,278,122579772620,20230830,0,35112
20240528,35127.00,15,122587013503,20230830,0,35127
20240529,35346.00,219,123351377034,20230830,0,35346
20240530,35147.00,-199,123124406015,20230830,0,35147
20240531,34582.00,-565,121230346172,20230830,0,34582
20240603,34669.00,87,121590860249,20230830,0,34669
20240604,34639.00,-30,121591339903,20230830,0,34639
20240605,34482.00,-157,122168527613,20230830,0,34482
20240606,35291.00,809,125123552158,20230830,0,35291
20240607,35274.00,-17,125194262234,20230830,0,35274
20240610,35511.00,237,126130318461,20230830,0,35511
20240611,35723.00,212,127008082317,20230830,0,35723
20240612,35948.00,225,128253688015,20230830,0,35948
20240613,36351.00,403,129703177484,20230830,0,36351
20240614,36655.00,304,130918243722,20230830,0,36655
20240617,36869.00,214,131847682145,20230830,0,36869
20240618,37374.00,505,133725053392,20230830,0,37374
20240619,37436.00,62,134273924195,20230830,0,37436
20240620,37483.00,47,134477889729,20230830,0,37483
20240621,37409.00,-74,134211335087,20230830,0,37409
20240624,37493.00,84,134861398914,20230830,0,37493
20240625,36992.00,-501,133117745825,20230830,0,36992
20240626,37473.00,481,135008001741,20230830,0,37473
20240627,37801.00,328,136304226394,20230830,0,37801
20240628,37942.00,141,137011212079,20230830,0,37942
20240701,37777.00,-165,136706626002,20230830,0,37777
20240702,38137.00,360,138168062317,20230830,0,38137
20240703,38499.00,362,140557727782,20230830,0,38499
20240704,38801.00,302,141815538615,20230830,0,38801
20240705,38729.00,-72,141762319978,20230830,0,38729
20240708,39028.00,299,142858032791,20230830,0,39028
20240709,39163.00,135,143692110766,20230830,0,39163
20240710,39335.00,172,144958022463,20230830,0,39335
20240711,39805.00,470,146922736858,20230830,0,39805
20240712,38284.00,-1521,141536821819,20230830,0,38284
20240716,38452.00,168,142378210167,20230830,0,38452
20240717,38500.00,48,142797123205,20230830,0,38500
20240718,36732.00,-1768,136668703614,20230830,0,36732
20240719,36940.00,208,137664283676,20230830,0,36940
20240722,36610.00,-330,136447152662,20230830,0,36610
20240723,36981.00,371,137891571288,20230830,0,36981
20240724,36648.00,-333,136751861078,20230830,0,36648
20240725,34742.00,-1906,129785837168,20230830,0,34742
20240726,34544.00,-198,129133981713,20230830,0,34544
20240729,34814.00,270,130127129902,20230830,0,34814
20240730,34953.00,139,130749884752,20230830,0,34953
20240731,34102.00,-851,127822362080,20230830,0,34102
20240801,34480.00,378,129339979501,20230830,0,34480
20240802,33618.00,-862,126189964638,20230830,0,33618
20240805,31928.00,-1690,120774664089,20230830,0,31928
20240806,30879.00,-1049,116825513364,20230830,0,30879
20240807,31634.00,755,119235760515,20230830,0,31634
20240808,31090.00,-544,117058544276,20230830,0,31090
20240809,32361.00,1271,122037671553,20230830,0,32361
20240813,32521.00,160,123207213574,20230830,0,32521
20240814,33284.00,763,126194490101,20230830,0,33284
20240815,33371.00,87,126825713042,20230830,0,33371
20240816,34602.00,1231,131664687509,20230830,0,34602
20240819,34361.00,-241,131181617184,20230830,0,34361
20240820,34466.00,105,131772522344,20230830,0,34466
20240821,34186.00,-280,130790856029,20230830,0,34186
20240822,34320.00,134,131485543342,20230830,0,34320
20240823,33947.00,-373,130167431588,20230830,0,33947
20240826,33704.00,-243,129308338644,20230830,0,33704
20240827,33660.00,-44,129243364519,20230830,0,33660
20240828,33633.00,-27,129312033859,20230830,0,33633
20240829,33297.00,-336,128188855505,20230830,0,33297
20240830,33314.00,17,128317999274,20240830,0,33314
20240902,34075.00,761,131301399433,20240830,0,34075
20240903,34291.00,216,132173917326,20240830,0,34291
20240904,32821.00,-1470,126507877840,20240830,0,32821
20240905,32391.00,-430,125900770058,20240830,0,32391
20240906,32286.00,-105,125486618385,20240830,0,32286
20240909,31320.00,-966,121803773432,20240830,0,31320
20240910,31893.00,573,124091315224,20240830,0,31893
20240911,31867.00,-26,124524995826,20240830,0,31867
20240912,32725.00,858,128080225534,20240830,0,32725
20240913,32739.00,14,128201472552,20240830,0,32739
20240917,32562.00,-177,127702429664,20240830,0,32562
20240918,32774.00,212,128603166968,20240830,0,32774
20240919,33091.00,317,130180246860,20240830,0,33091
20240920,33735.00,644,132774655463,20240830,0,33735
20240924,33984.00,249,133799821938,20240830,0,33984
20240925,34044.00,60,134268823674,20240830,0,34044
20240926,34395.00,351,135831087939,20240830,0,34395
20240927,34862.00,467,137845832854,20240830,0,34862
20240930,34008.00,-854,134540187182,20240830,0,34008
20241001,34425.00,417,136407578971,20240830,0,34425
20241002,33893.00,-532,134369679573,20240830,0,33893
20241003,34701.00,808,138492695262,20240830,0,34701
20241004,34589.00,-112,138146418105,20240830,0,34589
20241007,35426.00,837,141624384175,20240830,0,35426
20241008,34880.00,-546,139472824516,20240830,0,34880
20241009,35503.00,623,142207989178,20240830,0,35503
20241010,36066.00,563,144859029679,20240830,0,36066
20241011,35827.00,-239,143908764327,20240830,0,35827
20241015,36431.00,604,146449551159,20240830,0,36431
20241016,35842.00,-589,144025645616,20240830,0,35842
20241017,35951.00,109,144592396121,20240830,0,35951
20241018,36096.00,145,145309612129,20240830,0,36096
20241021,36163.00,67,145636955520,20240830,0,36163
20241022,36547.00,384,147281907314,20240830,0,36547
20241023,36740.00,193,148131030989,20240830,0,36740
20241024,36507.00,-233,147150718298,20240830,0,36507
20241025,36656.00,149,147780539101,20240830,0,36656
20241028,37185.00,529,149910123001,20240830,0,37185
20241029,37056.00,-129,149458562619,20240830,0,37056
20241030,37512.00,456,151447894724,20240830,0,37512
20241031,37296.00,-216,150539605910,20240830,0,37296
20241101,36008.00,-1288,145322513129,20240830,0,36008
20241105,36233.00,225,146279010211,20240830,0,36233
20241106,36811.00,578,149553166308,20240830,0,36811
20241107,38258.00,1447,155868870597,20240830,0,38258
20241108,38473.00,215,156839557062,20240830,0,38473
20241111,38507.00,34,157103098670,20240830,0,38507
20241112,38660.00,153,157891859059,20240830,0,38660
20241113,38881.00,221,158923941662,20240830,0,38881
20241114,39018.00,137,159483817589,20240830,0,39018
20241115,39024.00,6,159550467621,20240830,0,39024
20241118,37485.00,-1539,153295844267,20240830,0,37485
20241119,37785.00,300,154846392832,20240830,0,37785
20241120,38157.00,372,156423497152,20240830,0,38157
20241121,38179.00,22,156525532966,20240830,0,38179
20241122,38170.00,-9,156667736078,20240830,0,38170
20241125,38166.00,-4,156730189933,20240830,0,38166
20241126,38217.00,51,157033133686,20240830,0,38217
20241127,38094.00,-123,156613134999,20240830,0,38094
20241128,37498.00,-596,154200414207,20240830,0,37498
20241129,37243.00,-255,153264904587,20240830,0,37243
20241202,37446.00,203,154099885589,20240830,0,37446
20241203,37799.00,353,155624755791,20240830,0,37799
20241204,37880.00,81,156864826030,20240830,0,37880
20241205,38491.00,611,159573241825,20240830,0,38491
20241206,38293.00,-198,158772208250,20240830,0,38293
20241209,38592.00,299,160074719415,20240830,0,38592
20241210,38705.00,113,160555939272,20240830,0,38705
20241211,38654.00,-51,160696353280,20240830,0,38654
20241212,39509.00,855,164302408497,20240830,0,39509
20241213,39399.00,-110,163805382255,20240830,0,39399
20241216,39934.00,535,165982105698,20240830,0,39934
20241217,40606.00,672,168716962572,20240830,0,40606
20241218,40291.00,-315,167331399036,20240830,0,40291
20241219,39143.00,-1148,162442685719,20240830,0,39143
20241220,39716.00,573,164756742218,20240830,0,39716
20241223,39740.00,24,164877116553,20240830,0,39740
20241224,40328.00,588,167568842494,20240830,0,40328
20241225,40860.00,532,169741958471,20240830,0,40860
20241226,40872.00,12,169730949256,20240830,0,40872
20241227,41012.00,140,170311773604,20240830,0,41012
20241230,40455.00,-557,168370991248,20240830,0,40455
20250106,40065.00,-390,166955278701,20240830,0,40065
20250107,40630.00,565,169564611550,20240830,0,40630
20250108,39868.00,-762,168718301499,20240830,0,39868
20250109,39970.00,102,169584913970,20240830,0,39970
20250110,39907.00,-63,169945980616,20240830,0,39907
20250114,39007.00,-900,166114750849,20240830,0,39007
20250115,39083.00,76,167118732004,20240830,0,39083
20250116,39576.00,493,169447623026,20240830,0,39576
20250117,38998.00,-578,167498617852,20240830,0,38998
20250120,39856.00,858,171345846393,20240830,0,39856
20250121,39860.00,4,171537070752,20240830,0,39860
20250122,39951.00,91,171926367514,20240830,0,39951
20250123,40728.00,777,175760610562,20240830,0,40728
20250124,40771.00,43,176113942265,20240830,0,40771
20250127,40344.00,-427,174299443082,20240830,0,40344
20250128,39030.00,-1314,168682442819,20240830,0,39030
20250129,39785.00,755,172324097758,20240830,0,39785
20250130,39457.00,-328,171242832354,20240830,0,39457
20250131,39549.00,92,171749554253,20240830,0,39549
20250203,39821.00,272,173071550628,20240830,0,39821
20250204,39398.00,-423,171315162482,20240830,0,39398
20250205,39566.00,168,173214029065,20240830,0,39566
20250206,39356.00,-210,172399498176,20240830,0,39356
20250207,39226.00,-130,171973964781,20240830,0,39226
20250210,38887.00,-339,170551530898,20240830,0,38887
20250212,39593.00,706,173763450126,20240830,0,39593
20250213,39962.00,369,176021181999,20240830,0,39962
20250214,40088.00,126,176662952677,20240830,0,40088
20250217,40008.00,-80,176398196304,20240830,0,40008
20250218,39944.00,-64,175972393101,20240830,0,39944
20250219,40157.00,213,176912216489,20240830,0,40157
20250220,39910.00,-247,176157225144,20240830,0,39910
20250221,39390.00,-520,173801086444,20240830,0,39390
20250225,38207.00,-1183,168690788215,20240830,0,38207
20250226,37403.00,-804,165204498915,20240830,0,37403
20250227,37564.00,161,166119287252,20240830,0,37564
20250228,36635.00,-929,162140282279,20240830,0,36635
20250303,37450.00,815,165938890665,20240830,0,37450
20250304,36313.00,-1137,160994029411,20240830,0,36313
20250305,36334.00,21,162295088312,20240830,0,36334
20250306,36672.00,338,163905512272,20240830,0,36672
20250307,35370.00,-1302,158198134267,20240830,0,35370
20250310,35469.00,99,158684710961,20240830,0,35469
20250311,33953.00,-1516,152028194848,20240830,0,33953
20250312,34183.00,230,153737571152,20240830,0,34183
20250313,34623.00,440,155664348881,20240830,0,34623
20250314,33982.00,-641,152902279490,20240830,0,33982
20250317,34943.00,961,157323310572,20240830,0,34943
20250318,35302.00,359,159004911096,20240830,0,35302
20250319,34750.00,-552,157022777582,20240830,0,34750
20250321,34951.00,201,157998596050,20240830,0,34951
20250324,35257.00,306,159466037400,20240830,0,35257
20250325,36294.00,1037,164462576321,20240830,0,36294
20250326,36306.00,12,164642399706,20240830,0,36306
20250327,35732.00,-574,162256665912,20240830,0,35732
20250328,35644.00,-88,161930809093,20240830,0,35644
20250331,34347.00,-1297,156230811339,20240830,0,34347
20250401,34411.00,64,156594455535,20240830,0,34411
20250402,34698.00,287,157864141766,20240830,0,34698
20250403,34490.00,-208,157743830563,20240830,0,34490
20250404,32229.00,-2261,147509123789,20240830,0,32229
20250407,30219.00,-2010,138537520506,20240830,0,30219
20250408,30690.00,471,140747150132,20240830,0,30690
20250409,29607.00,-1083,135854062708,20240830,0,29607
20250410,33512.00,3905,154393970360,20240830,0,33512
20250411,31371.00,-2141,144732919515,20240830,0,31371
20250414,31892.00,521,147416079356,20240830,0,31892
20250415,32167.00,275,148748615142,20240830,0,32167
20250416,32064.00,-103,148579367289,20240830,0,32064
20250417,31003.00,-1061,143908050016,20240830,0,31003
20250418,30987.00,-16,143926813962,20240830,0,30987
20250421,30721.00,-266,142811152751,20240830,0,30721
20250422,29904.00,-817,139010928101,20240830,0,29904
20250423,30937.00,1033,144011587156,20240830,0,30937
20250424,31833.00,896,148228335926,20240830,0,31833
20250425,32755.00,922,152634307492,20240830,0,32755
20250428,33252.00,497,155014862475,20240830,0,33252
20250430,33192.00,-60,154852346388,20240830,0,33192
20250501,33348.00,156,155939367658,20240830,0,33348
20250502,34412.00,1064,160992104115,20240830,0,34412
20250507,33718.00,-694,158597322970,20240830,0,33718
20250508,33993.00,275,160074836869,20240830,0,33993
20250509,34849.00,856,164533213073,20240830,0,34849
20250512,34877.00,28,165131634477,20240830,0,34877
20250513,36767.00,1890,174211609753,20240830,0,36767
20250514,37201.00,434,176513527210,20240830,0,37201
20250515,37149.00,-52,176074009866,20240830,0,37149
20250516,36879.00,-270,174800749657,20240830,0,36879
20250519,37008.00,129,175578586633,20240830,0,37008
20250520,37138.00,130,176132824367,20240830,0,37138
20250521,36736.00,-402,174262256101,20240830,0,36736
20250522,36010.00,-726,171039436296,20240830,0,36010
20250523,36204.00,194,171945945996,20240830,0,36204
20250526,35575.00,-629,169015399278,20240830,0,35575
20250527,35481.00,-94,168560447103,20240830,0,35481
20250528,36758.00,1277,174623299670,20240830,0,36758
20250529,37097.00,339,176534607600,20240830,0,37097
20250530,36620.00,-477,174312906755,20240830,0,36620
20250602,36519.00,-101,173784990012,20240830,0,36519
20250603,36576.00,57,174036520591,20240830,0,36576
20250604,37168.00,592,177654775825,20240830,0,37168
20250605,36943.00,-225,176821232969,20240830,0,36943
20250606,36914.00,-29,176664024076,20240830,0,36914
20250609,37578.00,664,179906966005,20240830,0,37578
20250610,37592.00,14,179979010984,20240830,0,37592
20250611,37900.00,308,181923166777,20240830,0,37900
20250612,37547.00,-353,180351015566,20240830,0,37547
20250613,37365.00,-182,179475087122,20240830,0,37365
20250616,37232.00,-133,178995740696,20240830,0,37232
20250617,37931.00,699,182337880936,20240830,0,37931
20250618,37627.00,-304,180950388507,20240830,0,37627
20250619,37513.00,-114,180487976948,20240830,0,37513
20250620,37624.00,111,181022278396,20240830,0,37624
20250623,37761.00,137,181679637664,20240830,0,37761
20250624,37958.00,197,182757019538,20240830,0,37958
20250625,38363.00,405,184583103117,20240830,0,38363
20250626,38377.00,14,184672993036,20240830,0,38377
20250627,38679.00,302,186162498596,20240830,0,38679
20250630,38888.00,209,187203277436,20240830,0,38888
20250701,38835.00,-53,186956091101,20240830,0,38835
20250702,38496.00,-339,185300558543,20240830,0,38496
20250703,38760.00,264,187270406899,20240830,0,38760
20250704,39417.00,657,190440781776,20240830,0,39417
20250707,39355.00,-62,190332958918,20240830,0,39355
20250708,39499.00,144,191026381945,20240830,0,39499
20250709,39743.00,244,192247500419,20240830,0,39743
20250710,39754.00,11,192620589600,20240830,0,39754
20250711,39902.00,148,193330894432,20240830,0,39902
20250714,39913.00,11,193374804651,20240830,0,39913
20250715,40228.00,315,194894551798,20240830,0,40228
20250716,40647.00,419,196928493649,20240830,0,40647
20250717,40541.00,-106,196530736508,20240830,0,40541
20250718,40894.00,353,198100351419,20240830,0,40894
20250722,40734.00,-160,197223541337,20240830,0,40734
20250723,40256.00,-478,194797695660,20240830,0,40256
20250724,40435.00,179,195708427311,20240830,0,40435
20250725,40787.00,352,197399466190,20240830,0,40787
20250728,40975.00,188,198399201755,20240830,0,40975
20250729,41335.00,360,200166459901,20240830,0,41335
20250730,41172.00,-163,199564691791,20240830,0,41172
20250731,41553.00,381,201335053026,20240830,0,41553
20250801,41716.00,163,202097865569,20240830,0,41716
20250804,40044.00,-1672,194009687720,20240830,0,40044
20250805,40608.00,564,197440397096,20240830,0,40608
20250806,40491.00,-117,197066606667,20240830,0,40491
20250807,41022.00,531,199779605442,20240830,0,41022
20250808,41038.00,16,199875239246,20240830,0,41038
20250812,41620.00,582,202836418046,20240830,0,41620
20250813,41993.00,373,205092668564,20240830,0,41993
20250814,41684.00,-309,203850302115,20240830,0,41684
20250815,41930.00,246,205025783547,20240830,0,41930
20250818,41677.00,-253,203788039813,20240830,0,41677
20250819,41791.00,114,204727408737,20240830,0,41791
20250820,41166.00,-625,201739653732,20240830,0,41166
20250821,40862.00,-304,200206995323,20240830,0,40862
20250822,40964.00,102,200871142674,20240830,0,40964
20250825,41291.00,327,202555356153,20240830,0,41291
20250826,41083.00,-208,201647338686,20240830,0,41083
20250827,41366.00,283,203127604491,20240830,0,41366
20250828,41399.00,33,203392547274,20240830,0,41399
20250829,41502.00,103,204005143474,20240830,0,41502
20250901,41101.00,-401,202070137855,20250901,0,41101
20250902,41118.00,17,202180232085,20250901,0,41118
20250903,41194.00,76,202552398428,20250901,0,41194
20250904,41304.00,110,203762467013,20250901,0,41304
20250905,41755.00,451,206173553962,20250901,0,41755
20250908,41857.00,102,206553301592,20250901,0,41857
20250909,41742.00,-115,206080220227,20250901,0,41742
20250910,41918.00,176,207452926081,20250901,0,41918
20250911,41945.00,27,207615781989,20250901,0,41945
20250912,42122.00,177,208538701094,20250901,0,42122
20250916,42721.00,599,211645341716,20250901,0,42721
20250917,42402.00,-319,210197887638,20250901,0,42402
20250918,42437.00,35,210492657586,20250901,0,42437
20250919,43151.00,714,214047136739,20250901,0,43151
20250922,43520.00,369,215930344380,20250901,0,43520
20250924,43316.00,-204,214933905873,20250901,0,43316
20250925,43448.00,132,215748005372,20250901,0,43448
20250926,43556.00,108,216401631909,20250901,0,43556
20250929,43575.00,19,216661208234,20250901,0,43575
20250930,43669.00,94,217186306461,20250901,0,43669
20251001,43582.00,-87,216923640240,20250901,0,43582
20251002,43508.00,-74,216544062460,20250901,0,43508
20251003,43733.00,225,218437534344,20250901,0,43733
20251006,44249.00,516,221085037847,20250901,0,44249
20251007,44797.00,548,224032738411,20250901,0,44797
20251008,45094.00,297,225581149926,20250901,0,45094
20251009,45759.00,665,229097338389,20250901,0,45759
20251010,45794.00,35,229734521444,20250901,0,45794
20251014,44978.00,-816,225665650470,20250901,0,44978
20251015,44429.00,-549,223043767685,20250901,0,44429
20251016,44452.00,23,223225598534,20250901,0,44452
20251017,44130.00,-322,221786822252,20250901,0,44130
20251020,44659.00,529,224705493961,20250901,0,44659
20251021,45106.00,447,226961632044,20250901,0,45106
20251022,45427.00,321,228718955160,20250901,0,45427
20251023,45140.00,-287,227134453941,20250901,0,45140
20251024,45664.00,524,229907792598,20250901,0,45664
20251027,46231.00,567,232763734943,20250901,0,46231
20251028,46940.00,709,236411099352,20250901,0,46940
20251029,46987.00,47,236981377986,20250901,0,46987
20251030,47556.00,569,239893363645,20250901,0,47556
20251031,47251.00,-305,238376333909,20250901,0,47251
20251104,47778.00,527,241060882744,20250901,0,47778
20251105,46522.00,-1256,234711416000,20250901,0,46522
20251106,47023.00,501,238212560639,20250901,0,47023
20251107,45885.00,-1138,232532985400,20250901,0,45885
20251110,45960.00,75,233012275706,20250901,0,45960
20251111,47107.00,1147,239095905081,20250901,0,47107
20251112,46941.00,-166,238913093895,20250901,0,46941
20251113,47139.00,198,239966032732,20250901,0,47139
20251114,46084.00,-1055,234753860407,20250901,0,46084
20251117,46103.00,19,234865716389,20250901,0,46103
20251118,45907.00,-196,233999386734,20250901,0,45907
20251119,45416.00,-491,231800341934,20250901,0,45416
20251120,46186.00,770,235675620084,20250901,0,46186
20251121,45151.00,-1035,230309531737,20250901,0,45151
20251125,46503.00,1352,237460311897,20250901,0,46503
20251126,46627.00,124,238090956087,20250901,0,46627
20251127,46895.00,268,239774802119,20250901,0,46895
20251128,47111.00,216,240984932244,20250901,0,47111
20251201,47250.00,139,241695074216,20250901,0,47250
20251202,47029.00,-221,240855078553,20250901,0,47029
20251203,47464.00,435,243959084227,20250901,0,47464
20251204,47397.00,-67,243711465689,20250901,0,47397
20251205,47297.00,-100,243367664662,20250901,0,47297
20251208,47540.00,243,244617953239,20250901,0,47540
20251209,47667.00,127,245377759560,20250901,0,47667
20251210,48001.00,334,247686618888,20250901,0,48001
20251211,47891.00,-110,247217871161,20250901,0,47891
20251212,47676.00,-215,246331028542,20250901,0,47676
20251215,46859.00,-817,242124164078,20250901,0,46859
20251216,46352.00,-507,239673962111,20250901,0,46352
20251217,46340.00,-12,239785883382,20250901,0,46340
20251218,45719.00,-621,236606767396,20250901,0,45719
20251219,46477.00,758,240648357784,20250901,0,46477
20251222,47615.00,1138,246871006626,20250901,0,47615
20251223,47570.00,-45,246678042306,20250901,0,47570
20251224,47643.00,73,247169684832,20250901,0,47643
20251225,47679.00,36,247214114877,20250901,0,47679
20251226,47858.00,179,248051886445,20250901,0,47858
20251229,47823.00,-35,247872010646,20250901,0,47823
20251230,47628.00,-195,247113185476,20250901,0,47628
20260105,47254.00,-374,245364335215,20250901,0,47254
20260106,47444.00,190,246407438400,20250901,0,47444
20260107,47873.00,429,250674102612,20250901,0,47873
20260108,47957.00,84,251463315472,20250901,0,47957
20260109,47770.00,-187,250941471506,20250901,0,47770
20260113,48643.00,873,256137379368,20250901,0,48643
20260114,48857.00,214,257461381716,20250901,0,48857
20260115,48129.00,-728,254097073754,20250901,0,48129
20260116,48341.00,212,255278602230,20250901,0,48341
20260119,47934.00,-407,253483420465,20250901,0,47934
20260120,48128.00,194,254595728679,20250901,0,48128
20260121,47124.00,-1004,249282519204,20250901,0,47124
20260122,47767.00,643,253153984135,20250901,0,47767
20260123,48234.00,467,255665976158,20250901,0,48234
20260126,47247.00,-987,250546498402,20250901,0,47247
20260127,47285.00,38,250767821497,20250901,0,47285
20260128,47127.00,-158,250173588081,20250901,0,47127
20260129,47489.00,362,252284262584,20250901,0,47489
20260130,47391.00,-98,251863390108,20250901,0,47391
20260202,47284.00,-107,251376910774,20250901,0,47284
20260203,47723.00,439,253737025253,20250901,0,47723
20260204,47123.00,-600,251482622850,20250901,0,47123
20260205,46523.00,-600,248478957812,20250901,0,46523
20260206,45871.00,-652,245043153836,20250901,0,45871
20260209,46895.00,1024,250631926051,20250901,0,46895
20260210,47018.00,123,251271885060,20250901,0,47018
20260212,46044.00,-974,246971806132,20250901,0,46044
20260213,44994.00,-1050,241460349502,20250901,0,44994
20260216,45121.00,127,242321048058,20250901,0,45121
20260217,45193.00,72,242857775223,20250901,0,45193
20260218,45109.00,-84,242404292431,20250901,0,45109
20260219,45927.00,818,247277430077,20250901,0,45927
20260220,45852.00,-75,246812101819,20250901,0,45852
20260224,45601.00,-251,245480500565,20250901,0,45601
20260225,46384.00,783,249961802190,20250901,0,46384
20260226,47138.00,754,254011437411,20250901,0,47138
20260227,46483.00,-655,250588887602,20250901,0,46483
20260302,46565.00,82,251163212920,20250901,0,46565
20260303,46912.00,347,253178807467,20250901,0,46912
20260304,46458.00,-454,251578937916,20250901,0,46458
20260305,46835.00,377,253650857718,20250901,0,46835
20260306,46953.00,118,254136070766,20250901,0,46953
20260309,46619.00,-334,252418329819,20250901,0,46619
20260310,46942.00,323,254217344645,20250901,0,46942
20260311,47072.00,130,255800947569,20250901,0,47072
20260312,47343.00,271,257489732485,20250901,0,47343
20260313,46575.00,-768,253374852853,20250901,0,46575
20260316,46338.00,-237,252337729720,20250901,0,46338
20260317,46842.00,504,255094227764,20250901,0,46842
20260318,47026.00,184,256253174998,20250901,0,47026
20260319,46552.00,-474,253856974006,20250901,0,46552
20260323,45445.00,-1107,247834860786,20250901,0,45445
20260324,45696.00,251,249255319358,20250901,0,45696
20260325,45398.00,-298,247728074565,20250901,0,45398
20260326,45949.00,551,250808966310,20250901,0,45949
20260327,44877.00,-1072,245121810612,20250901,0,44877
20260330,44119.00,-758,241083833113,20250901,0,44119
20260331,43746.00,-373,239237588439,20250901,0,43746
20260401,44960.00,1214,245866480541,20250901,0,44960
20260402,45450.00,490,248523068792,20250901,0,45450
20260403,45783.00,333,251347611575,20250901,0,45783
20260406,45800.00,17,251721168465,20250901,0,45800
20260407,46102.00,302,253378464304,20250901,0,46102
20260408,45775.00,-327,251985037574,20250901,0,45775
20260409,47180.00,1405,260306557341,20250901,0,47180
20260410,47632.00,452,263513844655,20250901,0,47632
20260413,47869.00,237,265082728099,20250901,0,47869
20260414,48180.00,311,267051951125,20250901,0,48180
20260415,48951.00,771,271650938729,20250901,0,48951
20260416,49609.00,658,275544487137,20250901,0,49609
20260417,50039.00,430,278189016625,20250901,0,50039
20260420,50552.00,513,281123281738,20250901,0,50552
20260421,50396.00,-156,280361017330,20250901,0,50396
20260422,50249.00,-147,279922813368,20250901,0,50249
20260423,51167.00,918,285189351682,20250901,0,51167
20260424,51023.00,-144,284539528869,20250901,0,51023
20260427,51921.00,898,289718383916,20250901,0,51921
20260428,51919.00,-2,289947373219,20250901,0,51919
20260430,51969.00,50,290714577909,20250901,0,51969
20260501,51411.00,-558,287749061714,20250901,0,51411
20260507,53302.00,1891,298584067736,20250901,0,53302
20260508,53464.00,162,300644146168,20250901,0,53464
20260511,54706.00,1242,308745998542,20250901,0,54706
20260512,55012.00,306,311243906720,20250901,0,55012
20260513,54664.00,-348,309929041316,20250901,0,54664
20260514,55265.00,601,313842188217,20250901,0,55265
20260515,55901.00,636,317786930222,20250901,0,55901
20260518,55197.00,-704,314085298233,20250901,0,55197
20260519,54967.00,-230,313462586143,20250901,0,54967
20260520,54635.00,-332,312185480169,20250901,0,54635
20260521,55514.00,879,317528664038,20250901,0,55514
20260522,55712.00,198,319304222491,20250901,0,55712
20260525,55848.00,136,320472075374,20250901,0,55848
20260526,55885.00,37,321166559421,20250901,0,55885
20260527,56981.00,1096,327462361361,20250901,0,56981
20260528,57045.00,64,329150011895,20250901,0,57045
20260529,57424.00,379,331893845328,20250901,0,57424
20260601,57657.00,233,333708383001,20250901,0,57657
20260602,58109.00,452,336935477195,20250901,0,58109
20260603,58473.00,364,340804422971,20250901,0,58473
20260604,58304.00,-169,340503953163,20250901,0,58304
20260605,58021.00,-283,339555587771,20250901,0,58021
20260608,55374.00,-2647,324691157348,20250901,0,55374
20260609,56225.00,851,330369609038,20250901,0,56225
20260610,55638.00,-587,328699289410,20250901,0,55638
20260611,54589.00,-1049,323246504419,20250901,0,54589
20260612,56237.00,1648,333843683619,20250901,0,56237
20260615,56596.00,359,336498670723,20250901,0,56596
20260616,58373.00,1777,348068784432,20250901,0,58373
20260617,57337.00,-1036,343027993691,20250901,0,57337
20260618,56890.00,-447,340853708710,20250901,0,56890
20260619,58430.00,1540,350624204358,20250901,0,58430
20260622,58584.00,154,351969302255,20250901,0,58584
20260623,58480.00,-104,351346565557,20250901,0,58480
20260624,56565.00,-1915,340679969369,20250901,0,56565
20260625,56374.00,-191,339857180204,20250901,0,56374
20260626,56827.00,453,342949381891,20250901,0,56827
20260629,56147.00,-680,339322946190,20250901,0,56147
20260630,57643.00,1496,348793038916,20250901,0,57643
20260701,58736.00,1093,356042693409,20250901,0,58736
20260702,57807.00,-929,350655069581,20250901,0,57807
20260703,56388.00,-1419,343343435395,20250901,0,56388
20260706,56494.00,106,344470583988,20250901,0,56494
20260707,57411.00,917,350062533801,20250901,0,57411
20260708,56473.00,-938,345306319837,20250901,0,56473
20260709,56685.00,212,347493274126,20250901,0,56685
20260710,57463.00,778,353171584829,20250901,0,57463
20260713,57647.00,184,354622738116,20250901,0,57647
20260714,56635.00,-1012,348952730490,20250901,0,56635
20260715,57198.00,563,353024199524,20250901,0,57198
20260716,57052.00,-146,352329212565,20250901,0,57052
20260717,56230.00,-822,347842457435,20250901,0,56230
20260721,55424.00,-806,343123111668,20250901,0,55424
20260722,56718.00,1294,351366868201,20250901,0,56718
20260723,56383.00,-335,349645849382,20250901,0,56383
20260724,55626.00,-757,345256282152,20250901,0,55626
20260727,54881.00,-745,340810047617,20250901,0,54881
20260728,54749.00,-132,340167839099,20250901,0,54749
20260729,54169.00,-580,337223171804,20250901,0,54169
20260730,52997.00,-1172,330058642240,20250901,0,52997
20260731,53840.00,843,335370056785,20250901,0,53840
20260803,52503.00,-1337,327225595077,20250901,0,52503
20260804,53994.00,1491,336905159722,20250901,0,53994
20260805,55841.00,1847,350133776199,20250901,0,55841
20260806,55457.00,-384,348023885352,20250901,0,55457
20260807,55539.00,82,348854581744,20250901,0,55539
20260810,55962.00,423,351634247142,20250901,0,55962
20260812,56090.00,128,353300268961,20250901,0,56090
20260813,56507.00,417,357277977483,20250901,0,56507
20260814,57163.00,656,362043134763,20250901,0,57163
20260817,56979.00,-184,361076372544,20250901,0,56979
20260818,57022.00,43,361509858636,20250901,0,57022
20260819,56038.00,-984,355926064518,20250901,0,56038
20260820,55582.00,-456,353087855193,20250901,0,55582
20260821,55416.00,-166,352059265110,20250901,0,55416
20260824,55485.00,69,352881805533,20250901,0,55485
20260825,55089.00,-396,350501934494,20250901,0,55089
20260826,55405.00,316,352750161108,20250901,0,55405
20260827,55452.00,47,353342147533,20250901,0,55452
20260828,56317.00,865,359006094722,20250901,0,56317
20260831,56142.00,-175,358176498981,20260831,0,56142
20260901,56107.00,-35,358163821154,20260831,0,56107
20260902,55556.00,-551,354774317621,20260831,0,55556
20260903,55133.00,-423,353238153794,20260831,0,55133
20260904,54714.00,-419,350687924425,20260831,0,54714
20260907,54927.00,213,352255690003,20260831,0,54927
20260908,54148.00,-779,347327609447,20260831,0,54148
20260909,54083.00,-65,346910201220,20260831,0,54083
20260910,53921.00,-162,347690078229,20260831,0,53921
20260911,53662.00,-259,346301227482,20260831,0,53662
